Date,Open,High,Low,Close,Volume,Dividends,Stock Splits,Capital Gains,3Y_MA
2018-01-02 00:00:00-05:00,239.16335263498945,240.02949939116968,238.77045963732996,239.9937744140625,86655700,0.0,0.0,0.0,
2018-01-03 00:00:00-05:00,240.16341082611956,241.6635599680099,240.16341082611956,241.51174926757812,90070400,0.0,0.0,0.0,
2018-01-04 00:00:00-05:00,242.16366049744695,243.0208693261491,241.57432091203384,242.5297393798828,80636400,0.0,0.0,0.0,
2018-01-05 00:00:00-05:00,243.33337736014855,244.27094686840172,242.83333665572363,244.1459503173828,83524000,0.0,0.0,0.0,
2018-01-08 00:00:00-05:00,244.04770350808496,244.7531287499794,243.75304738182055,244.5924072265625,57319200,0.0,0.0,0.0,
2018-01-09 00:00:00-05:00,245.02104856576457,245.7800478055723,244.73530318721916,245.1460723876953,57254000,0.0,0.0,0.0,
2018-01-10 00:00:00-05:00,244.3780573593958,245.038846743376,243.69944636392137,244.7709503173828,69574300,0.0,0.0,0.0,
2018-01-11 00:00:00-05:00,245.33358496170385,246.5569000244141,245.1639253434994,246.5569000244141,62361500,0.0,0.0,0.0,
2018-01-12 00:00:00-05:00,246.82479898800148,248.33383219880875,246.5211774838605,248.16419982910156,90816100,0.0,0.0,0.0,
2018-01-16 00:00:00-05:00,249.44107435638423,250.10183667978777,246.61046208553572,247.31588745117188,106555100,0.0,0.0,0.0,
2018-01-17 00:00:00-05:00,248.26233360689105,250.0660497116145,247.3158261484531,249.67315673828125,113258800,0.0,0.0,0.0,
2018-01-18 00:00:00-05:00,249.5571189666475,249.98570970027015,248.75345684075728,249.25352478027344,100728000,0.0,0.0,0.0,
2018-01-19 00:00:00-05:00,249.84282377053745,250.3875274658203,249.253511543103,250.3875274658203,140920100,0.0,0.0,0.0,
2018-01-22 00:00:00-05:00,250.1732029003077,252.4233856201172,250.1196018175361,252.4233856201172,91322400,0.0,0.0,0.0,
2018-01-23 00:00:00-05:00,252.46809856642548,253.25388468500273,252.13771741433675,252.959228515625,97084700,0.0,0.0,0.0,
2018-01-24 00:00:00-05:00,253.61100765774395,254.21822325512997,251.66441882393912,252.86094665527344,134816100,0.0,0.0,0.0,
2018-01-25 00:00:00-05:00,253.7361075119545,253.83431716366175,252.16453508319097,252.9681701660156,84587300,0.0,0.0,0.0,
2018-01-26 00:00:00-05:00,253.8163579518911,255.9415441304775,253.55739959605293,255.8968811035156,107743100,0.0,0.0,0.0,
2018-01-29 00:00:00-05:00,255.316576279036,255.76304321643164,254.03968737812744,254.20040893554688,90118300,0.0,0.0,0.0,
2018-01-30 00:00:00-05:00,252.34304803600477,254.25391182463443,251.1107952726912,251.59298706054688,131796400,0.0,0.0,0.0,
2018-01-31 00:00:00-05:00,252.45919845492685,252.9681500417796,250.6286677033696,251.71804809570312,108364800,0.0,0.0,0.0,
2018-02-01 00:00:00-05:00,250.97691902813585,252.7538486360801,250.62866175311547,251.4322967529297,90102500,0.0,0.0,0.0,
2018-02-02 00:00:00-05:00,250.09284760381033,250.22680945300263,245.92286267002157,245.9585876464844,173174800,0.0,0.0,0.0,
2018-02-05 00:00:00-05:00,244.17275958255271,246.31579526193025,235.11839773069823,235.67201232910156,294681800,0.0,0.0,0.0,
2018-02-06 00:00:00-05:00,232.10916911353297,240.8242100305224,231.0019401364364,240.3152313232422,355026800,0.0,0.0,0.0,
2018-02-07 00:00:00-05:00,239.7527350324837,243.199446560314,238.93122391305755,239.01161193847656,167376100,0.0,0.0,0.0,
2018-02-08 00:00:00-05:00,239.31521238635983,239.45808507389037,230.01082958100235,230.0465545654297,246449500,0.0,0.0,0.0,
2018-02-09 00:00:00-05:00,232.8771022467395,235.38624380883647,225.8407938292955,233.50216674804688,283565300,0.0,0.0,0.0,
2018-02-12 00:00:00-05:00,235.58270680654945,238.42225693249392,233.64505576718005,236.93104553222656,143736000,0.0,0.0,0.0,
2018-02-13 00:00:00-05:00,235.70768582977223,238.0739544433073,235.1183463778816,237.5203399658203,81223600,0.0,0.0,0.0,
2018-02-14 00:00:00-05:00,236.0112940207123,241.09208873745249,236.00235596403715,240.7259826660156,120735700,0.0,0.0,0.0,
2018-02-15 00:00:00-05:00,242.49403851593243,243.80665229145177,239.99380752675532,243.79771423339844,111200300,0.0,0.0,0.0,
2018-02-16 00:00:00-05:00,243.1637577474043,245.84255935441843,243.1190947038466,243.86915588378903,160420100,0.0,0.0,0.0,
2018-02-20 00:00:00-05:00,242.90474617800072,244.36917048302053,241.53855874718255,242.3421936035156,86369700,0.0,0.0,0.0,
2018-02-21 00:00:00-05:00,242.7886514351858,245.30673084178216,241.03850912961417,241.13671875,98883700,0.0,0.0,0.0,
2018-02-22 00:00:00-05:00,242.0743443082465,243.81554876512584,240.77066866742513,241.44927978515625,110511300,0.0,0.0,0.0,
2018-02-23 00:00:00-05:00,242.6905150638155,245.29786682128903,242.20832312229572,245.29786682128903,92766400,0.0,0.0,0.0,
2018-02-26 00:00:00-05:00,246.3871145129496,248.2444313052796,245.788864375639,248.1461944580078,86491400,0.0,0.0,0.0,
2018-02-27 00:00:00-05:00,248.33378002712257,249.0570813995259,244.98527862784883,245.04779052734375,99099200,0.0,0.0,0.0,
2018-02-28 00:00:00-05:00,246.16392037190263,246.61932521327557,242.2439561643669,242.56539916992188,121907800,0.0,0.0,0.0,
2018-03-01 00:00:00-05:00,242.3511833785578,243.9227556997758,237.5204079026958,239.0384063720703,176855100,0.0,0.0,0.0,
2018-03-02 00:00:00-05:00,237.34182299914292,240.84213592558396,236.466765205168,240.27064514160156,139083200,0.0,0.0,0.0,
2018-03-05 00:00:00-05:00,239.06517608035355,243.6727177583033,238.9580011342065,243.0476531982422,97307400,0.0,0.0,0.0,
2018-03-06 00:00:00-05:00,244.0387895079489,244.11917752775537,242.14577426730017,243.6637725830078,79213200,0.0,0.0,0.0,
2018-03-07 00:00:00-05:00,241.467167485071,243.93164621538344,241.27072096126133,243.5744781494141,87063500,0.0,0.0,0.0,
2018-03-08 00:00:00-05:00,244.26199817582028,244.8781245973343,243.25300600379907,244.7531280517578,66901200,0.0,0.0,0.0,
2018-03-09 00:00:00-05:00,246.18183603884177,249.01242065429688,245.8603657314643,249.01242065429688,113625300,0.0,0.0,0.0,
2018-03-12 00:00:00-04:00,249.30709048102332,249.94106575392075,248.30698188482268,248.6998748779297,71924800,0.0,0.0,0.0,
2018-03-13 00:00:00-04:00,249.87856970456392,250.3875484665738,246.47649440089737,247.09262084960935,91968900,0.0,0.0,0.0,
2018-03-14 00:00:00-04:00,248.06591838781475,248.2534268418493,245.26212063399015,245.82464599609375,105895100,0.0,0.0,0.0,
2018-03-15 00:00:00-04:00,246.3425333883478,246.99435749597848,245.0477687290683,245.55674743652344,83433000,0.0,0.0,0.0,
2018-03-16 00:00:00-04:00,246.09203169598703,246.8899388474376,245.76930118033383,245.82308959960935,100343700,1.097,0.0,0.0,
2018-03-19 00:00:00-04:00,245.0610424016431,246.00236706712155,240.82053976034504,242.49700927734375,109208400,0.0,0.0,0.0,
2018-03-20 00:00:00-04:00,242.90040419741987,243.55486629991435,242.2190478912235,242.9093780517578,59757300,0.0,0.0,0.0,
2018-03-21 00:00:00-04:00,242.86458289121484,244.98930747061036,242.22806837486615,242.44322204589844,78709600,0.0,0.0,0.0,
2018-03-22 00:00:00-04:00,240.1840062859168,241.0446482572099,236.10486921912872,236.3828125,148785900,0.0,0.0,0.0,
2018-03-23 00:00:00-04:00,236.83105496351868,237.1627592807418,231.1471575779115,231.34439086914065,183534800,0.0,0.0,0.0,
2018-03-26 00:00:00-04:00,235.00219972833415,237.96067215033332,232.5636911325145,237.6737823486328,141956100,0.0,0.0,0.0,
2018-03-27 00:00:00-04:00,238.624075623918,239.16195972944715,232.05264208846316,233.63050842285156,129941400,0.0,0.0,0.0,
2018-03-28 00:00:00-04:00,233.7649868001455,235.4594038637853,231.8195480262607,232.940185546875,146452300,0.0,0.0,0.0,
2018-03-29 00:00:00-04:00,234.09662073200144,237.80818421661797,232.9490893503468,235.91653442382812,111601600,0.0,0.0,0.0,
2018-04-02 00:00:00-04:00,235.3786756062455,235.89866669664335,228.31418652709857,230.8244171142578,186286300,0.0,0.0,0.0,
2018-04-03 00:00:00-04:00,232.0795344567938,234.26702099967667,230.2596202893222,233.78289794921875,119956900,0.0,0.0,0.0,
2018-04-04 00:00:00-04:00,230.17888915597752,237.0013155424076,230.044418159004,236.28411865234375,123715300,0.0,0.0,0.0,
2018-04-05 00:00:00-04:00,238.06829207441388,239.04551234828187,236.96560194848365,238.1490020751953,82652600,0.0,0.0,0.0,
2018-04-06 00:00:00-04:00,236.1587431709779,237.6738203298172,231.2996455556985,232.84164428710935,179521200,0.0,0.0,0.0,
2018-04-09 00:00:00-04:00,234.32085538160956,237.43174672109103,233.03885242320467,233.98915100097656,105442900,0.0,0.0,0.0,
2018-04-10 00:00:00-04:00,236.92075288524492,238.5075935307926,235.7642743664983,237.70968627929688,103529000,0.0,0.0,0.0,
2018-04-11 00:00:00-04:00,236.20353588390145,238.1489749933697,236.13182710831092,236.46353149414065,91140200,0.0,0.0,0.0,
2018-04-12 00:00:00-04:00,237.8083042931708,239.3682232854418,237.62899130952857,238.4089508056641,68890500,0.0,0.0,0.0,
2018-04-13 00:00:00-04:00,239.73580819044653,239.85235889992987,236.68767882559973,237.70968627929688,85079200,0.0,0.0,0.0,
2018-04-16 00:00:00-04:00,239.36819568877115,240.44401874795307,238.53444786552944,239.66403198242188,63405300,0.0,0.0,0.0,
2018-04-17 00:00:00-04:00,241.4570297645114,242.83766284514695,240.9370659950669,242.22804260253903,64682000,0.0,0.0,0.0,
2018-04-18 00:00:00-04:00,242.67624485816071,243.22310271475155,241.9411002410607,242.4073028564453,57303900,0.0,0.0,0.0,
2018-04-19 00:00:00-04:00,241.74388995734503,241.95009708445977,240.0136324101795,241.06256103515625,77655900,0.0,0.0,0.0,
2018-04-20 00:00:00-04:00,240.99085716482836,241.21498467064436,238.12201414665796,239.01852416992188,99953100,0.0,0.0,0.0,
2018-04-23 00:00:00-04:00,239.6013059701054,240.16611172919295,237.8889683396069,238.9827117919922,65558000,0.0,0.0,0.0,
2018-04-24 00:00:00-04:00,240.0226438998812,240.2467714108536,234.240143173068,235.76422119140625,112885500,0.0,0.0,0.0,
2018-04-25 00:00:00-04:00,235.70148121746143,236.79522466883805,233.85467254110188,236.3469696044922,103840900,0.0,0.0,0.0,
2018-04-26 00:00:00-04:00,237.38690259297823,239.59230964415525,236.93864757025767,238.7495880126953,67731900,0.0,0.0,0.0,
2018-04-27 00:00:00-04:00,239.3681909885676,239.67300113217664,238.02342587065428,238.9737243652344,57053600,0.0,0.0,0.0,
2018-04-30 00:00:00-04:00,239.60128212744596,240.16608783032984,237.06414339216047,237.13587951660156,82182300,0.0,0.0,0.0,
2018-05-01 00:00:00-04:00,236.56204978090176,237.66476674593443,234.98418368966335,237.55718994140625,74203400,0.0,0.0,0.0,
2018-05-02 00:00:00-04:00,237.36005583692491,238.1848299223958,235.56703538759768,235.9615020751953,86368900,0.0,0.0,0.0,
2018-05-03 00:00:00-04:00,235.11870632068533,236.10484537017703,232.24088970599672,235.44143676757812,136311500,0.0,0.0,0.0,
2018-05-04 00:00:00-04:00,234.45526828198345,239.1798931479852,234.12356398362215,238.48956298828125,91222100,0.0,0.0,0.0,
2018-05-07 00:00:00-04:00,239.26959932101673,240.2826327758981,238.5702951617068,239.29649353027344,55304900,0.0,0.0,0.0,
2018-05-08 00:00:00-04:00,238.91994724136177,239.664038603676,237.70965310617427,239.29649353027344,67499200,0.0,0.0,0.0,
2018-05-09 00:00:00-04:00,239.9777964852052,241.941155625096,239.44885885454403,241.6094512939453,59666100,0.0,0.0,0.0,
2018-05-10 00:00:00-04:00,242.36252203591607,244.2003840418878,242.25494520811583,243.86865234375,72063900,0.0,0.0,0.0,
2018-05-11 00:00:00-04:00,243.9941074728218,244.88164340900963,243.47411647395663,244.6127014160156,59871500,0.0,0.0,0.0,
2018-05-14 00:00:00-04:00,245.0520395488124,245.71544819229405,244.1734499014961,244.72930908203125,54790600,0.0,0.0,0.0,
2018-05-15 00:00:00-04:00,243.48310430907307,243.5010246565326,242.0845511465758,243.0438232421875,87036100,0.0,0.0,0.0,
2018-05-16 00:00:00-04:00,243.07979387424928,244.5321360513116,243.05287230273564,244.06593322753903,53942600,0.0,0.0,0.0,
2018-05-17 00:00:00-04:00,243.79696367765223,244.95346939048108,243.07079267081767,243.85972595214844,56536400,0.0,0.0,0.0,
2018-05-18 00:00:00-04:00,243.5100107862596,243.8775831225288,242.89141677635655,243.25001525878903,64368000,0.0,0.0,0.0,
2018-05-21 00:00:00-04:00,244.75617277169863,245.62578845563272,244.3617062330496,245.0789031982422,58025900,0.0,0.0,0.0,
2018-05-22 00:00:00-04:00,245.6078310015768,245.86782651884877,244.06583296422383,244.3975372314453,52966400,0.0,0.0,0.0,
2018-05-23 00:00:00-04:00,243.10659953667331,245.0968525919811,242.9452069629808,245.06993103027344,64694200,0.0,0.0,0.0,
2018-05-24 00:00:00-04:00,244.6665319319427,244.94444782564665,242.7569613750456,244.56790161132812,76043800,0.0,0.0,0.0,
2018-05-25 00:00:00-04:00,243.98516845703125,244.62168283753928,243.47415123807016,243.98516845703125,56374800,0.0,0.0,0.0,
2018-05-29 00:00:00-04:00,242.33567454158305,243.10668755496403,240.04958443221545,241.17916870117188,115908600,0.0,0.0,0.0,
2018-05-30 00:00:00-04:00,242.50591457921092,244.8457921567303,242.43420582926143,244.3975372314453,69678400,0.0,0.0,0.0,
2018-05-31 00:00:00-04:00,243.98515992611107,244.2899700041377,242.29077046894673,242.900390625,93519900,0.0,0.0,0.0,
2018-06-01 00:00:00-04:00,244.2183070969785,245.58996638524675,244.14657097144064,245.28515625,71258400,0.0,0.0,0.0,
2018-06-04 00:00:00-04:00,246.11887248225557,246.71057232516824,245.87682464805533,246.45057678222656,45385200,0.0,0.0,0.0,
2018-06-05 00:00:00-04:00,246.58508666925752,247.0154213572016,245.8051272768034,246.6299285888672,51135000,0.0,0.0,0.0,
2018-06-06 00:00:00-04:00,247.24854158303225,248.79948663039752,246.62097353518325,248.69190979003903,62732200,0.0,0.0,0.0,
2018-06-07 00:00:00-04:00,249.18499973770125,249.48083604031743,247.7416042122113,248.66500854492188,72969400,0.0,0.0,0.0,
2018-06-08 00:00:00-04:00,248.19878067966252,249.4538891152985,248.02844160347135,249.4001007080078,72139700,0.0,0.0,0.0,
2018-06-11 00:00:00-04:00,249.6242194538326,250.4579670969663,249.5076687890118,249.73179626464844,58892500,0.0,0.0,0.0,
2018-06-12 00:00:00-04:00,250.15316839098313,250.42211043025503,249.40010332170945,250.0545654296875,72329000,0.0,0.0,0.0,
2018-06-13 00:00:00-04:00,250.2966689157821,250.5566645177603,249.05050668502292,249.2567138671875,79070600,0.0,0.0,0.0,
2018-06-14 00:00:00-04:00,250.1352838106147,250.42214624042185,249.28358829894145,249.88426208496097,77097600,0.0,0.0,0.0,
2018-06-15 00:00:00-04:00,249.08817738859173,249.90766816447743,247.96250777591928,249.56546020507812,120041600,1.246,0.0,0.0,
2018-06-18 00:00:00-04:00,248.08862033182857,249.1782885317951,247.60235074468588,249.0522003173828,52917600,0.0,0.0,0.0,
2018-06-19 00:00:00-04:00,246.74676125971249,248.3226986035245,246.3235084166591,248.0975646972656,97531500,0.0,0.0,0.0,
2018-06-20 00:00:00-04:00,248.79099322872884,249.19624529520215,248.1786355354453,248.52084350585935,53785500,0.0,0.0,0.0,
2018-06-21 00:00:00-04:00,248.5117823506369,248.52981065019776,246.45856239866944,246.96286010742188,71061400,0.0,0.0,0.0,
2018-06-22 00:00:00-04:00,248.2417436929435,248.3588177637889,247.18810453751144,247.41323852539065,54898500,0.0,0.0,0.0,
2018-06-25 00:00:00-04:00,246.24250603635625,246.4045958811369,242.3341840465632,244.04519653320312,137854200,0.0,0.0,0.0,
2018-06-26 00:00:00-04:00,244.62149359507544,245.44997092326153,243.85603286987256,244.58546447753903,68547400,0.0,0.0,0.0,
2018-06-27 00:00:00-04:00,245.17984240863163,246.62969159917603,242.40617724438712,242.5592803955078,105110700,0.0,0.0,0.0,
2018-06-28 00:00:00-04:00,242.50525864515367,244.7205687017801,241.78481361873648,243.9461212158203,76650500,0.0,0.0,0.0,
2018-06-29 00:00:00-04:00,245.05376417615977,246.4405968145847,244.1802434696552,244.2973175048828,97592500,0.0,0.0,0.0,
2018-07-02 00:00:00-04:00,242.70338891372867,244.9817431693533,242.46022668252152,244.8196258544922,63554800,0.0,0.0,0.0,
2018-07-03 00:00:00-04:00,245.72914965027405,245.8282228589658,243.5228538757991,243.95509338378903,42187100,0.0,0.0,0.0,
2018-07-05 00:00:00-04:00,245.0988341544736,246.00835660001744,244.0091660787578,245.9453125,56925900,0.0,0.0,0.0,
2018-07-06 00:00:00-04:00,245.9722624804369,248.4036916713057,245.58501135604263,248.0254821777344,66493700,0.0,0.0,0.0,
2018-07-09 00:00:00-04:00,249.04307592721753,250.31283425150008,248.99806014609564,250.25880432128903,50550400,0.0,0.0,0.0,
2018-07-10 00:00:00-04:00,250.7181243937791,251.25845126034108,250.4209322501953,251.1593780517578,51966800,0.0,0.0,0.0,
2018-07-11 00:00:00-04:00,249.5834591858004,250.38494913555675,249.01611730804805,249.32229614257812,77054700,0.0,0.0,0.0,
2018-07-12 00:00:00-04:00,250.60104583597817,251.63665628023625,249.98868822328913,251.58262634277344,60124700,0.0,0.0,0.0,
2018-07-13 00:00:00-04:00,251.4025673676765,252.08695582243652,250.94328535924583,251.78077697753903,48216000,0.0,0.0,0.0,
2018-07-16 00:00:00-04:00,251.825826013391,251.96988754661683,251.1053809364138,251.55564880371097,48201000,0.0,0.0,0.0,
2018-07-17 00:00:00-04:00,250.7721859851916,252.96949536630407,250.71815603993224,252.57325744628903,52315500,0.0,0.0,0.0,
2018-07-18 00:00:00-04:00,252.65427015599263,253.2125978406105,252.20400234811808,253.1045379638672,44593500,0.0,0.0,0.0,
2018-07-19 00:00:00-04:00,252.42920358962976,252.8164274119772,251.6637426156168,252.15003967285156,61412100,0.0,0.0,0.0,
2018-07-20 00:00:00-04:00,251.9427392112906,252.5821390315568,251.6996045852313,251.8616943359375,82337700,0.0,0.0,0.0,
2018-07-23 00:00:00-04:00,251.65473731816672,252.53724480311007,251.30351516888996,252.33013916015625,47047600,0.0,0.0,0.0,
2018-07-24 00:00:00-04:00,253.76200137042125,254.45540407178584,252.7173765009523,253.59988403320312,68026900,0.0,0.0,0.0,
2018-07-25 00:00:00-04:00,253.34771271561257,256.0853491150443,253.302696920579,255.76116943359375,78882900,0.0,0.0,0.0,
2018-07-26 00:00:00-04:00,255.0317151746285,255.85117845785388,254.93264195925428,255.15777587890625,57919500,0.0,0.0,0.0,
2018-07-27 00:00:00-04:00,255.49090204965785,255.5899752388055,252.4921311258777,253.42869567871097,76768700,0.0,0.0,0.0,
2018-07-30 00:00:00-04:00,253.50978327599552,253.67187308682165,251.573609767633,252.10494995117188,63742500,0.0,0.0,0.0,
2018-07-31 00:00:00-04:00,252.87940288435615,253.9690432793406,252.492179167104,253.34767150878903,68570500,0.0,0.0,0.0,
2018-08-01 00:00:00-04:00,253.5548244468833,254.0681363813872,252.2670650172342,252.9244384765625,53853300,0.0,0.0,0.0,
2018-08-02 00:00:00-04:00,251.6006847450914,254.4733683711068,251.393551638592,254.3022918701172,63426400,0.0,0.0,0.0,
2018-08-03 00:00:00-04:00,254.42831183016952,255.44592141476596,254.2481937244807,255.3918914794922,53935400,0.0,0.0,0.0,
2018-08-06 00:00:00-04:00,255.42789470295824,256.64359560554,255.0316568963432,256.32843017578125,39400900,0.0,0.0,0.0,
2018-08-07 00:00:00-04:00,257.0039112837991,257.56223905252057,256.86880893535283,257.17498779296875,43196600,0.0,0.0,0.0,
2018-08-08 00:00:00-04:00,257.0039389434754,257.4722076910195,256.5986868188622,257.06695556640625,42114600,0.0,0.0,0.0,
2018-08-09 00:00:00-04:00,257.1299369363393,257.52617481149883,256.58062339433,256.7156982421875,35717000,0.0,0.0,0.0,
2018-08-10 00:00:00-04:00,255.2567989768544,255.80611244151177,254.27519109559404,254.99563598632812,77076000,0.0,0.0,0.0,
2018-08-13 00:00:00-04:00,255.27486726169764,255.8962391207364,253.74394551116188,254.0411376953125,65732900,0.0,0.0,0.0,
2018-08-14 00:00:00-04:00,254.7795714630341,255.90524108417648,254.3833335578185,255.66207885742188,43842000,0.0,0.0,0.0,
2018-08-15 00:00:00-04:00,254.29330243782968,254.4373914630311,252.29411187168853,253.7529754638672,102925400,0.0,0.0,0.0,
2018-08-16 00:00:00-04:00,255.21181074532964,256.68870247818364,255.17578162248313,255.80616760253903,69967900,0.0,0.0,0.0,
2018-08-17 00:00:00-04:00,255.5989660186113,257.15690224884014,255.1847274044491,256.7066345214844,65618500,0.0,0.0,0.0,
2018-08-20 00:00:00-04:00,257.1660444288853,257.52625329366924,256.70676232403537,257.256103515625,39807500,0.0,0.0,0.0,
2018-08-21 00:00:00-04:00,257.778391105246,258.73295692264264,257.2920940436109,257.85943603515625,67272000,0.0,0.0,0.0,
2018-08-22 00:00:00-04:00,257.44507482154336,258.2375504023097,257.1748977014673,257.70623779296875,44993300,0.0,0.0,0.0,
2018-08-23 00:00:00-04:00,257.5261339811831,258.39965450172156,257.0398371238312,257.3640441894531,49204900,0.0,0.0,0.0,
2018-08-24 00:00:00-04:00,257.9494755227871,259.05714444509664,257.895445573618,258.9130554199219,57487400,0.0,0.0,0.0,
2018-08-27 00:00:00-04:00,260.12867906114286,261.06524370395266,259.9665892620498,260.9571838378906,57072400,0.0,0.0,0.0,
2018-08-28 00:00:00-04:00,261.4254934571392,261.5335808223322,260.615016852281,261.08331298828125,46943500,0.0,0.0,0.0,
2018-08-29 00:00:00-04:00,261.29941506496766,262.7222492320925,261.0562803446201,262.4881286621094,61485500,0.0,0.0,0.0,
2018-08-30 00:00:00-04:00,262.00189322463933,262.38010287838085,260.8221935010156,261.425537109375,61229500,0.0,0.0,0.0,
2018-08-31 00:00:00-04:00,261.0112259431754,261.8847465441312,260.5159423732391,261.4344787597656,66140800,0.0,0.0,0.0,
2018-09-04 00:00:00-04:00,261.01123738106855,261.3444311589538,259.96661277770374,260.9842224121094,57594400,0.0,0.0,0.0,
2018-09-05 00:00:00-04:00,260.62403779392633,260.8311708965671,259.2552334363269,260.2818298339844,72452400,0.0,0.0,0.0,
2018-09-06 00:00:00-04:00,260.3898735357265,260.6960523539687,258.4537274156316,259.49835205078125,65909900,0.0,0.0,0.0,
2018-09-07 00:00:00-04:00,258.4356909348095,259.9846131135821,258.1925287581664,258.9940185546875,73524800,0.0,0.0,0.0,
2018-09-10 00:00:00-04:00,260.0206950696372,260.29087229579386,259.24624748209845,259.4443664550781,50210900,0.0,0.0,0.0,
2018-09-11 00:00:00-04:00,258.78691147231154,260.7500724883655,258.4357168783625,260.2998046875,50530500,0.0,0.0,0.0,
2018-09-12 00:00:00-04:00,260.308885087781,260.9752728083681,259.5614524402715,260.3629150390625,59810800,0.0,0.0,0.0,
2018-09-13 00:00:00-04:00,261.4434860384049,262.0918727301368,261.1553080682654,261.9027404785156,51034200,0.0,0.0,0.0,
2018-09-14 00:00:00-04:00,262.10996583602616,262.29907067206705,261.1554000207311,261.9478759765625,55079900,0.0,0.0,0.0,
2018-09-17 00:00:00-04:00,261.8938687590825,261.9298704095286,260.28190173090354,260.5610656738281,68244000,0.0,0.0,0.0,
2018-09-18 00:00:00-04:00,260.7771256001223,262.5781970670211,260.7501106274056,261.974853515625,61930400,0.0,0.0,0.0,
2018-09-19 00:00:00-04:00,262.02886388619066,262.67725066512327,261.9027757014858,262.2539978027344,49080600,0.0,0.0,0.0,
2018-09-20 00:00:00-04:00,263.5327637226495,264.70344906552145,262.27199183688975,264.3792419433594,100360600,0.0,0.0,0.0,
2018-09-21 00:00:00-04:00,265.13283547320475,265.2504394980303,263.9749327470879,264.13775634765625,105479700,1.323,0.0,0.0,
2018-09-24 00:00:00-04:00,263.5497364593599,263.6944777359148,262.6722614497664,263.26025390625,53409600,0.0,0.0,0.0,
2018-09-25 00:00:00-04:00,263.7216488056378,263.8301978753247,262.77181683929825,263.01605224609375,44370000,0.0,0.0,0.0,
2018-09-26 00:00:00-04:00,263.16069216909284,264.36381403677376,261.8037741075465,262.22894287109375,79739700,0.0,0.0,0.0,
2018-09-27 00:00:00-04:00,262.7083491727212,264.0652670432832,262.42792168799696,262.9616394042969,59249500,0.0,0.0,0.0,
2018-09-28 00:00:00-04:00,262.3284537956683,263.49541113339933,262.29228918843336,262.98883056640625,70091400,0.0,0.0,0.0,
2018-10-01 00:00:00-04:00,264.24628685902786,264.98807557385464,263.2240981450758,263.9025573730469,62078900,0.0,0.0,0.0,
2018-10-02 00:00:00-04:00,263.7487487792969,264.472427545935,263.3688270891132,263.7487487792969,47258200,0.0,0.0,0.0,
2018-10-03 00:00:00-04:00,264.8161576090936,265.2413264329312,263.53162378835697,263.8934631347656,64694600,0.0,0.0,0.0,
2018-10-04 00:00:00-04:00,263.4049488622414,263.4592233805832,260.2207241577155,261.8309326171875,111545900,0.0,0.0,0.0,
2018-10-05 00:00:00-04:00,262.0571602694737,262.5818232983716,258.9181542341757,260.36553955078125,105951700,0.0,0.0,0.0,
2018-10-08 00:00:00-04:00,259.66897035608764,260.72737897828796,258.26683222203206,260.36553955078125,87742200,0.0,0.0,0.0,
2018-10-09 00:00:00-04:00,259.9765988682056,261.30635273700943,259.4157159303114,259.9856262207031,74339000,0.0,0.0,0.0,
2018-10-10 00:00:00-04:00,259.46991171267865,259.5422961501825,251.37364888275516,251.75357055664065,214731000,0.0,0.0,0.0,
2018-10-11 00:00:00-04:00,250.6498724308078,252.2962728413246,244.5708788898405,246.208251953125,274840500,0.0,0.0,0.0,
2018-10-12 00:00:00-04:00,250.36944638539327,250.65892884297273,246.3891592166588,249.627685546875,183186500,0.0,0.0,0.0,
2018-10-15 00:00:00-04:00,249.26596107571075,250.61385246098425,248.1351954609478,248.2256622314453,102263700,0.0,0.0,0.0,
2018-10-16 00:00:00-04:00,250.2157288548658,254.03319327246055,249.73628551456332,253.6532440185547,118255800,0.0,0.0,0.0,
2018-10-17 00:00:00-04:00,253.6895076638221,254.33177474810483,251.0842194936982,253.6985626220703,110626000,0.0,0.0,0.0,
2018-10-18 00:00:00-04:00,252.7486418841667,253.35474420200268,248.7412164839523,250.03480529785156,134557500,0.0,0.0,0.0,
2018-10-19 00:00:00-04:00,250.6951260813828,252.6581186468616,249.19346685994972,249.89906311035156,139901600,0.0,0.0,0.0,
2018-10-22 00:00:00-04:00,250.577635668446,250.90328288241645,248.23469285711545,248.7774658203125,82415800,0.0,0.0,0.0,
2018-10-23 00:00:00-04:00,245.10471140909576,248.65077613186935,242.98789435333217,247.51095581054688,146352700,0.0,0.0,0.0,
2018-10-24 00:00:00-04:00,247.25765951620423,247.6466637731507,239.4508788186589,240.01173400878903,177806700,0.0,0.0,0.0,
2018-10-25 00:00:00-04:00,241.8752361344988,245.88266191414263,240.83493753256215,244.3176727294922,138061500,0.0,0.0,0.0,
2018-10-26 00:00:00-04:00,240.554497465088,245.1499154679261,237.27075063789377,240.020751953125,201574600,0.0,0.0,0.0,
2018-10-29 00:00:00-04:00,243.15979689069005,244.4714958853429,235.06353264733377,238.6910095214844,160749100,0.0,0.0,0.0,
2018-10-30 00:00:00-04:00,238.51904882189191,242.54455549989763,238.021495677487,242.2279357910156,157116000,0.0,0.0,0.0,
2018-10-31 00:00:00-04:00,244.8333288908023,247.1672442314515,244.3538854458749,244.81524658203125,128296300,0.0,0.0,0.0,
2018-11-01 00:00:00-04:00,245.6927193284578,247.6195480474588,244.58909115922887,247.4205322265625,99495000,0.0,0.0,0.0,
2018-11-02 00:00:00-04:00,248.54221007404405,248.97643388260389,243.8744076566798,245.9550323486328,122634100,0.0,0.0,0.0,
2018-11-05 00:00:00-05:00,246.452573228672,247.87282114224624,245.4665491504321,247.3119659423828,65622500,0.0,0.0,0.0,
2018-11-06 00:00:00-05:00,247.24864672757596,249.03976145875905,247.18531723939265,248.87693786621097,60085900,0.0,0.0,0.0,
2018-11-07 00:00:00-05:00,251.08418519704657,254.2865204359516,250.64996135914504,254.20510864257812,102752100,0.0,0.0,0.0,
2018-11-08 00:00:00-05:00,253.39093185702268,254.3950658406956,252.58584128528395,253.7437438964844,65584900,0.0,0.0,0.0,
2018-11-09 00:00:00-05:00,252.4140151290749,252.60397601697568,249.8358640812381,251.26516723632812,98812600,0.0,0.0,0.0,
2018-11-12 00:00:00-05:00,250.7494484421908,250.99368378858637,246.04545413748505,246.5701446533203,99673600,0.0,0.0,0.0,
2018-11-13 00:00:00-05:00,247.04051400312736,249.066836264223,245.37603105914593,246.1087646484375,98176600,0.0,0.0,0.0,
2018-11-14 00:00:00-05:00,248.00843383515377,248.4154926787672,242.8431069491381,244.4261779785156,125335900,0.0,0.0,0.0,
2018-11-15 00:00:00-05:00,243.14167164516616,247.4476346510359,241.54051795243495,246.9772186279297,135101400,0.0,0.0,0.0,
2018-11-16 00:00:00-05:00,245.8645872650151,248.5422319705984,245.3398966659583,247.6195373535156,126668000,0.0,0.0,0.0,
2018-11-19 00:00:00-05:00,247.0043540256199,247.30289151596423,242.49940286745883,243.43115234375,103061700,0.0,0.0,0.0,
2018-11-20 00:00:00-05:00,240.0478883105882,241.53146562023525,238.0487030103889,238.9261779785156,136021300,0.0,0.0,0.0,
2018-11-21 00:00:00-05:00,240.5002122037656,241.66716979758377,239.73131383601887,239.74034118652344,75563700,0.0,0.0,0.0,
2018-11-23 00:00:00-05:00,238.07589169599447,239.5594693260853,237.97639758027347,238.13922119140625,42807900,0.0,0.0,0.0,
2018-11-26 00:00:00-05:00,240.4278457134666,242.2099329725604,240.02981410995295,241.98377990722656,79981400,0.0,0.0,0.0,
2018-11-27 00:00:00-05:00,240.9344439296052,242.7979431152344,240.31931417264707,242.7979431152344,75502400,0.0,0.0,0.0,
2018-11-28 00:00:00-05:00,243.88347624747863,248.38842773437497,242.73460098349025,248.388427734375,127629600,0.0,0.0,0.0,
2018-11-29 00:00:00-05:00,247.6013486582735,249.2658314649334,246.4434463750941,247.8456115722656,82346400,0.0,0.0,0.0,
2018-11-30 00:00:00-05:00,247.69188573909503,249.9262791709963,247.3662385700289,249.3563690185547,98204200,0.0,0.0,0.0,
2018-12-03 00:00:00-05:00,253.54474842540776,253.65329749038597,251.03898215356756,252.65821838378903,103176300,0.0,0.0,0.0,
2018-12-04 00:00:00-05:00,251.81683469642297,252.25105838905108,244.15477005337692,244.4713897705078,177986000,0.0,0.0,0.0,
2018-12-06 00:00:00-05:00,240.5544459052311,244.21811362584555,237.4063860665993,244.1005096435547,204185400,0.0,0.0,0.0,
2018-12-07 00:00:00-05:00,243.7568327323646,245.3489592804659,237.57834261414752,238.42868041992188,161018900,0.0,0.0,0.0,
2018-12-10 00:00:00-05:00,238.24774178006717,239.86700555916585,233.9508332694687,238.8809814453125,151445900,0.0,0.0,0.0,
2018-12-11 00:00:00-05:00,242.128568274918,242.318529156904,237.4426824753915,238.9352874755859,121504400,0.0,0.0,0.0,
2018-12-12 00:00:00-05:00,241.9566923283497,243.34074826813944,240.05700066813725,240.1384124755859,97976700,0.0,0.0,0.0,
2018-12-13 00:00:00-05:00,241.09724435585213,241.97471933324056,238.92618050036188,240.05694580078125,96662700,0.0,0.0,0.0,
2018-12-14 00:00:00-05:00,237.87677323099763,238.8447147349894,235.06344305049473,235.62429809570312,116961100,0.0,0.0,0.0,
2018-12-17 00:00:00-05:00,234.65641270383136,235.78717801910287,229.3463432003683,231.0017852783203,165492300,0.0,0.0,0.0,
2018-12-18 00:00:00-05:00,232.66629208011568,233.34475129776,229.12019975566793,230.74850463867188,134515100,0.0,0.0,0.0,
2018-12-19 00:00:00-05:00,230.829930031889,234.65643637992983,225.5650933704888,227.2928924560547,214992800,0.0,0.0,0.0,
2018-12-20 00:00:00-05:00,226.0264114166215,227.61852396573437,221.31337564412772,223.5930023193359,252053400,0.0,0.0,0.0,
2018-12-21 00:00:00-05:00,224.50744527512904,227.2098339096407,218.3565476147274,219.0116729736328,255345600,1.435,0.0,0.0,
2018-12-24 00:00:00-05:00,217.50126510437852,219.13907865836583,213.1610765411796,213.22476196289065,147311600,0.0,0.0,0.0,
2018-12-26 00:00:00-05:00,214.70784694003743,223.99786376953125,212.69697360527977,223.99786376953125,218485400,0.0,0.0,0.0,
2018-12-27 00:00:00-05:00,220.71318428193155,225.9177696699947,217.42846355837796,225.7176055908203,186267300,0.0,0.0,0.0,
2018-12-28 00:00:00-05:00,227.09154653300433,228.7475478543602,224.24357135759385,225.4264373779297,153100200,0.0,0.0,0.0,
2018-12-31 00:00:00-05:00,227.07336197343008,227.64660018548096,225.1716850235994,227.4009246826172,144299400,0.0,0.0,0.0,
2019-01-02 00:00:00-05:00,223.8159561891046,228.5747167798688,223.78866045128265,227.63751220703125,126925200,0.0,0.0,0.0,
2019-01-03 00:00:00-05:00,225.86318089493463,226.172555676746,221.71406285447193,222.20541381835935,144140700,0.0,0.0,0.0,
2019-01-04 00:00:00-05:00,225.28083320124853,230.30345600575535,224.8986790801512,229.64833068847656,142628800,0.0,0.0,0.0,
2019-01-07 00:00:00-05:00,229.92133612256708,232.88758839025525,229.0114412557297,231.4590606689453,103139100,0.0,0.0,0.0,
2019-01-08 00:00:00-05:00,233.67919365251507,234.12503322731817,231.11328360335872,233.63368225097656,102512600,0.0,0.0,0.0,
2019-01-09 00:00:00-05:00,234.35249523130528,235.58085872693857,233.1059438366363,234.72555541992188,95006600,0.0,0.0,0.0,
2019-01-10 00:00:00-05:00,233.1696385370635,235.80832777000856,232.47810963835823,235.55355834960935,96823900,0.0,0.0,0.0,
2019-01-11 00:00:00-05:00,234.46169706683423,235.67187276101404,233.8702709709613,235.6445770263672,73858100,0.0,0.0,0.0,
2019-01-14 00:00:00-05:00,233.7155430001686,235.0257936102595,233.30610703937955,234.20689392089844,70908200,0.0,0.0,0.0,
2019-01-15 00:00:00-05:00,234.58909569201884,237.20959728946843,234.5799878578735,236.89112854003903,85208300,0.0,0.0,0.0,
2019-01-16 00:00:00-05:00,237.32784903419477,238.36514243721453,237.1185910010767,237.46435546875,77636700,0.0,0.0,0.0,
2019-01-17 00:00:00-05:00,236.58180242422017,240.139495124978,236.5362910145861,239.26597595214844,96118400,0.0,0.0,0.0,
2019-01-18 00:00:00-05:00,241.1039046377983,242.92369401542223,239.30230315754895,242.45053100585935,127900300,0.0,0.0,0.0,
2019-01-22 00:00:00-05:00,240.9584019963783,241.1767679119828,237.5371878903514,239.17498779296875,115531200,0.0,0.0,0.0,
2019-01-23 00:00:00-05:00,240.22134223018577,240.9310590847359,237.1731890053128,239.67539978027344,86030300,0.0,0.0,0.0,
2019-01-24 00:00:00-05:00,239.4934649472463,240.3942799161013,238.46527911244576,239.8028259277344,59204100,0.0,0.0,0.0,
2019-01-25 00:00:00-05:00,241.6771538047494,242.6689636105884,239.9028755371058,241.83184814453125,96883400,0.0,0.0,0.0,
2019-01-28 00:00:00-05:00,239.6572398019123,240.05756802618356,238.20140235512608,239.993896484375,85613700,0.0,0.0,0.0,
2019-01-29 00:00:00-05:00,240.1394550278669,240.71266544409903,238.82920425519185,239.67539978027344,66136300,0.0,0.0,0.0,
2019-01-30 00:00:00-05:00,241.21309859088845,244.32492301900464,240.43968251646515,243.46961975097656,92473700,0.0,0.0,0.0,
2019-01-31 00:00:00-05:00,243.40599529155983,246.09927643946548,243.18760163193207,245.60792541503903,104012100,0.0,0.0,0.0,
2019-02-01 00:00:00-05:00,245.8080377002463,246.7634437572376,244.92543876626576,245.7261505126953,85782500,0.0,0.0,0.0,
2019-02-04 00:00:00-05:00,245.77175138278656,247.5187621872874,245.08933005986813,247.45506286621097,60744800,0.0,0.0,0.0,
2019-02-05 00:00:00-05:00,247.8917451438536,248.80163995710575,247.38220626985523,248.4922790527344,79552800,0.0,0.0,0.0,
2019-02-06 00:00:00-05:00,248.2101995090504,248.71063052024644,247.41859551020585,248.16468811035156,58347800,0.0,0.0,0.0,
2019-02-07 00:00:00-05:00,246.52693131657824,247.08195388804697,244.11571533731643,245.7990264892578,95482000,0.0,0.0,0.0,
2019-02-08 00:00:00-05:00,244.53422302598477,246.1993182616944,243.69710760747503,246.0992431640625,75788900,0.0,0.0,0.0,
2019-02-11 00:00:00-05:00,246.7634264145723,247.0272758555438,245.69883751566624,246.2356719970703,68021400,0.0,0.0,0.0,
2019-02-12 00:00:00-05:00,247.87357443410423,249.78433146021663,247.80076729403467,249.40219116210935,72270200,0.0,0.0,0.0,
2019-02-13 00:00:00-05:00,250.24842444954484,251.06732440812775,249.8207726824927,250.21202087402344,65277200,0.0,0.0,0.0,
2019-02-14 00:00:00-05:00,249.11105512024403,250.80347428076695,248.2830473277022,249.6569976806641,83234400,0.0,0.0,0.0,
2019-02-15 00:00:00-05:00,251.45857587406587,252.413982311347,251.24931778962517,252.37757873535156,97088700,0.0,0.0,0.0,
2019-02-19 00:00:00-05:00,251.56773379810363,253.47849073601392,251.55862596406837,252.8142852783203,59120800,0.0,0.0,0.0,
2019-02-20 00:00:00-05:00,252.77780344241043,253.7878008350651,252.26826471436453,253.32374572753903,76610800,0.0,0.0,0.0,
2019-02-21 00:00:00-05:00,252.67778883416716,253.04174118875144,251.44942534063355,252.4230194091797,64214700,0.0,0.0,0.0,
2019-02-22 00:00:00-05:00,253.05080364526728,254.18817202906237,252.40478617825087,253.9880218505859,78114600,0.0,0.0,0.0,
2019-02-25 00:00:00-05:00,255.43479404293277,255.9625208439037,254.25191406426617,254.33380126953125,69030700,0.0,0.0,0.0,
2019-02-26 00:00:00-05:00,253.97891221905869,255.0434734687929,253.7696264415208,254.15179443359375,56844100,0.0,0.0,0.0,
2019-02-27 00:00:00-05:00,253.4238226177516,254.39741646030777,252.47755226903712,254.0425720214844,56921600,0.0,0.0,0.0,
2019-02-28 00:00:00-05:00,253.82419687458295,254.2700641230282,253.24187875369208,253.5694274902344,69268300,0.0,0.0,0.0,
2019-03-01 00:00:00-05:00,255.1709588998939,255.57131492583343,253.6969334261127,255.15277099609375,78880500,0.0,0.0,0.0,
2019-03-04 00:00:00-05:00,256.22638910359933,256.472050710742,251.89528083687708,254.224609375,106494600,0.0,0.0,0.0,
2019-03-05 00:00:00-05:00,254.35193186121415,254.55210977416817,253.32374657048584,253.87876892089844,59114600,0.0,0.0,0.0,
2019-03-06 00:00:00-05:00,253.9971407726962,254.0062486068504,252.0135766721747,252.34112548828125,75039800,0.0,0.0,0.0,
2019-03-07 00:00:00-05:00,251.88622771118224,252.0318142474088,249.3749363227033,250.2302398681641,94885100,0.0,0.0,0.0,
2019-03-08 00:00:00-05:00,248.3466757841772,249.9025880348161,247.87354050963117,249.72970581054688,85795800,0.0,0.0,0.0,
2019-03-11 00:00:00-04:00,250.4577063386089,253.51494020705275,250.43041059934748,253.3511657714844,65098900,0.0,0.0,0.0,
2019-03-12 00:00:00-04:00,253.91520946787267,254.83421198864573,253.72413935832955,254.30645751953125,79667500,0.0,0.0,0.0,
2019-03-13 00:00:00-04:00,255.20721963385387,256.93601363217806,255.0434175201657,255.98971557617188,80639200,0.0,0.0,0.0,
2019-03-14 00:00:00-04:00,256.0170588752675,256.4447104809125,255.38014926688615,255.82598876953125,67518400,0.0,0.0,0.0,
2019-03-15 00:00:00-04:00,256.3863316511698,257.91253390116566,256.19439195809446,257.09002685546875,81309000,1.233,0.0,0.0,
2019-03-18 00:00:00-04:00,257.30928228627613,258.32372873983087,257.08080662170295,258.0221252441406,62199800,0.0,0.0,0.0,
2019-03-19 00:00:00-04:00,259.10053648234424,259.8773313845608,257.181335433722,258.0860900878906,90268100,0.0,0.0,0.0,
2019-03-20 00:00:00-04:00,257.86679080766885,259.09141708659274,256.18521317585856,257.3092956542969,84609200,0.0,0.0,0.0,
2019-03-21 00:00:00-04:00,256.4776866730763,260.6267851665979,256.43197480053226,260.2155456542969,79550400,0.0,0.0,0.0,
2019-03-22 00:00:00-04:00,258.8355932691824,259.36564470578116,255.14341756114496,255.2073974609375,122659300,0.0,0.0,0.0,
2019-03-25 00:00:00-04:00,254.8600051508844,256.06636323651577,253.7359228398083,255.015380859375,85575200,0.0,0.0,0.0,
2019-03-26 00:00:00-04:00,256.79756999511034,257.885116690231,255.49069552621864,256.9163818359375,68125900,0.0,0.0,0.0,
2019-03-27 00:00:00-04:00,256.90715072650465,257.50120973835584,254.00094710430173,255.57286071777344,72224700,0.0,0.0,0.0,
2019-03-28 00:00:00-04:00,256.2126039045584,256.9985467668612,255.04280967199747,256.5415954589844,56238500,0.0,0.0,0.0,
2019-03-29 00:00:00-04:00,258.07696231989127,258.4882017458257,256.9345840976957,258.1592102050781,82186800,0.0,0.0,0.0,
2019-04-01 00:00:00-04:00,260.1881384584314,261.52242873793364,259.9139508842213,261.2208251953125,77617900,0.0,0.0,0.0,
2019-04-02 00:00:00-04:00,261.41273476510486,261.5863785084145,260.5445160485568,261.3487548828125,40070400,0.0,0.0,0.0,
2019-04-03 00:00:00-04:00,262.5825471875882,262.9846666324163,261.1477131635471,261.7600402832031,68243200,0.0,0.0,0.0,
2019-04-04 00:00:00-04:00,262.08900384002254,262.710450955486,261.3853088319326,262.4545593261719,48997500,0.0,0.0,0.0,
2019-04-05 00:00:00-04:00,263.1307920144057,263.779654910993,262.8383365519679,263.7248229980469,58621700,0.0,0.0,0.0,
2019-04-08 00:00:00-04:00,263.29533882660155,264.0355976850551,262.6281799028931,263.9259338378906,53566300,0.0,0.0,0.0,
2019-04-09 00:00:00-04:00,262.9480676855835,263.27705924747306,262.0158970368012,262.5733642578125,66142300,0.0,0.0,0.0,
2019-04-10 00:00:00-04:00,262.99380785360415,263.56045103697693,262.57342036022527,263.46905517578125,52601500,0.0,0.0,0.0,
2019-04-11 00:00:00-04:00,263.96245861880755,263.9716065690462,262.82008044267263,263.3958435058594,55093100,0.0,0.0,0.0,
2019-04-12 00:00:00-04:00,265.0318117561038,265.4613471873125,263.4416298103992,265.17803955078125,69727800,0.0,0.0,0.0,
2019-04-15 00:00:00-04:00,265.251138245417,265.3516820556998,264.19100765660704,265.00439453125,49596700,0.0,0.0,0.0,
2019-04-16 00:00:00-04:00,265.90003057134487,265.9548625080864,264.5748603565243,265.17803955078125,52153200,0.0,0.0,0.0,
2019-04-17 00:00:00-04:00,266.31126851842464,266.3386844866329,264.1087594386942,264.5291748046875,58268300,0.0,0.0,0.0,
2019-04-18 00:00:00-04:00,265.12320718797434,265.3242669190702,263.80718492809234,265.0500793457031,68708500,0.0,0.0,0.0,
2019-04-22 00:00:00-04:00,264.2732328482301,265.4338791349817,264.18183700822806,265.27850341796875,40160100,0.0,0.0,0.0,
2019-04-23 00:00:00-04:00,265.65322133003247,267.90144197832353,265.41562560118007,267.663818359375,52246600,0.0,0.0,0.0,
2019-04-24 00:00:00-04:00,267.58157697744116,267.9197165110373,266.9235659236525,267.0697937011719,50392900,0.0,0.0,0.0,
2019-04-25 00:00:00-04:00,266.9692838452705,267.57246304544105,265.69897344483746,266.9053039550781,57770900,0.0,0.0,0.0,
2019-04-26 00:00:00-04:00,266.95095267759035,268.22126277750914,266.1649819456912,268.1481628417969,50916400,0.0,0.0,0.0,
2019-04-29 00:00:00-04:00,268.2395814243043,269.0986521647604,268.1481855793437,268.5685729980469,57197700,0.0,0.0,0.0,
2019-04-30 00:00:00-04:00,268.2212297254019,268.9980524108263,266.78642402936697,268.7055969238281,81111700,0.0,0.0,0.0,
2019-05-01 00:00:00-04:00,269.34531133111216,269.5555189195538,266.6767041021268,266.68585205078125,71671900,0.0,0.0,0.0,
2019-05-02 00:00:00-04:00,266.5670586446848,267.49925698887387,264.59302601533585,266.110107421875,65030200,0.0,0.0,0.0,
2019-05-03 00:00:00-04:00,267.60899876038155,268.9981208418694,266.2198487887963,268.7148132324219,56543700,0.0,0.0,0.0,
2019-05-06 00:00:00-04:00,264.3463391465625,268.0567816411459,264.0264676439063,267.6089782714844,107198100,0.0,0.0,0.0,
2019-05-07 00:00:00-04:00,265.16887988858343,265.7720590562051,261.20254526219156,263.1400146484375,144729900,0.0,0.0,0.0,
2019-05-08 00:00:00-04:00,262.7744140625,264.51082342844666,262.1712349983112,262.7744140625,91568300,0.0,0.0,0.0,
2019-05-09 00:00:00-04:00,260.6724654907434,262.59163876274147,258.90861216223993,261.9793395996094,103471100,0.0,0.0,0.0,
2019-05-10 00:00:00-04:00,261.0288908489468,264.06305457790995,257.9947271199837,263.2953796386719,112429300,0.0,0.0,0.0,
2019-05-13 00:00:00-04:00,258.10442487505816,259.0822796133106,255.8287880803794,256.6787109375,127290500,0.0,0.0,0.0,
2019-05-14 00:00:00-04:00,257.7113939437143,260.55364562845375,257.5834620782471,259.0,77003200,0.0,0.0,0.0,
2019-05-15 00:00:00-04:00,257.3457862080112,261.16589173548834,257.1355786051741,260.51702880859375,73956400,0.0,0.0,0.0,
2019-05-16 00:00:00-04:00,261.2299057793339,264.3097529603388,261.15680584578973,262.9297790527344,76749600,0.0,0.0,0.0,
2019-05-17 00:00:00-04:00,260.5902043388431,263.75229956914995,260.57190843693104,261.22991943359375,100353000,0.0,0.0,0.0,
2019-05-20 00:00:00-04:00,259.6031709282854,261.33958029430323,258.74410025108085,259.5026550292969,62877600,0.0,0.0,0.0,
2019-05-21 00:00:00-04:00,261.22084053651344,262.22613925412367,260.96494885294914,261.8423156738281,46847100,0.0,0.0,0.0,
2019-05-22 00:00:00-04:00,260.8734986165106,262.0067288735025,260.55362714039717,261.0379943847656,49482500,0.0,0.0,0.0,
2019-05-23 00:00:00-04:00,258.7805895343566,258.82627349525035,256.4135858242883,257.8484191894531,98733800,0.0,0.0,0.0,
2019-05-24 00:00:00-04:00,259.3107800697161,259.73119545240564,257.80284597817615,258.4334411621094,55268100,0.0,0.0,0.0,
2019-05-28 00:00:00-04:00,258.7167533072237,259.6854880927003,256.0116086925023,256.0298767089844,70029400,0.0,0.0,0.0,
2019-05-29 00:00:00-04:00,254.8966176864002,255.30785718715816,252.8860204934776,254.31170654296875,104972900,0.0,0.0,0.0,
2019-05-30 00:00:00-04:00,255.0793407809368,255.92929139368283,253.8912785593862,255.00624084472656,62523800,0.0,0.0,0.0,
2019-05-31 00:00:00-04:00,252.41991217207456,253.26068695526823,251.5425455851408,251.56996154785156,86862800,0.0,0.0,0.0,
2019-06-03 00:00:00-04:00,251.60650049744663,252.7397306971807,249.5776357878667,250.9302215576172,96428000,0.0,0.0,0.0,
2019-06-04 00:00:00-04:00,253.26069437304756,256.5141855304595,252.80374305442123,256.3771057128906,77231900,0.0,0.0,0.0,
2019-06-05 00:00:00-04:00,258.0220154282214,258.62519427278903,256.1850908321257,258.5977783203125,71169700,0.0,0.0,0.0,
2019-06-06 00:00:00-04:00,258.89947550141795,260.9648764132565,258.241464513463,260.2794494628906,69430400,0.0,0.0,0.0,
2019-06-07 00:00:00-04:00,261.31224121966375,263.98084987471304,261.1385974429601,262.8841552734375,74272200,0.0,0.0,0.0,
2019-06-10 00:00:00-04:00,264.4560095893785,265.7811796090693,263.9990582570845,264.0904541015625,60799100,0.0,0.0,0.0,
2019-06-11 00:00:00-04:00,265.9365118504156,266.31121526773745,263.3684477447097,264.0264587402344,58641300,0.0,0.0,0.0,
2019-06-12 00:00:00-04:00,263.78883940181936,264.35545450747924,263.0394326342923,263.56036376953125,47096300,0.0,0.0,0.0,
2019-06-13 00:00:00-04:00,264.4834229168091,265.0135020754389,263.77057996114144,264.6479187011719,48945200,0.0,0.0,0.0,
2019-06-14 00:00:00-04:00,264.3554992675781,264.96779844733203,263.5786764082502,264.3554992675781,52324700,0.0,0.0,0.0,
2019-06-17 00:00:00-04:00,264.59310399914864,265.23284705567016,264.2823804228688,264.4560241699219,39205700,0.0,0.0,0.0,
2019-06-18 00:00:00-04:00,266.30210546642076,268.294406541536,265.93652209586037,267.2251281738281,85434800,0.0,0.0,0.0,
2019-06-19 00:00:00-04:00,267.36217836514345,268.3674767425921,266.3751758882526,267.8282775878906,78674400,0.0,0.0,0.0,
2019-06-20 00:00:00-04:00,270.55176123015434,270.79850491699835,267.8923010448922,270.3872375488281,116570000,0.0,0.0,0.0,
2019-06-21 00:00:00-04:00,270.113560804413,271.39004928506847,269.7737767058013,269.9941711425781,83309500,1.432,0.0,0.0,
2019-06-24 00:00:00-04:00,270.20539588240183,270.52679508784115,269.5074428119221,269.66357421875,47582700,0.0,0.0,0.0,
2019-06-25 00:00:00-04:00,269.7187126095139,269.74626191763616,266.9085710780577,267.0187683105469,82028700,0.0,0.0,0.0,
2019-06-26 00:00:00-04:00,267.9278946180659,268.44216699806685,266.6422136680635,266.7524108886719,51584900,0.0,0.0,0.0,
2019-06-27 00:00:00-04:00,267.5239064441115,268.2126673226074,267.1382160465749,267.6983947753906,40355200,0.0,0.0,0.0,
2019-06-28 00:00:00-04:00,268.6900873997029,269.5808855565487,268.16665064729114,269.0758056640625,59350900,0.0,0.0,0.0,
2019-07-01 00:00:00-04:00,272.4553200506485,272.67574250044834,270.2971978959334,271.51861572265625,78705600,0.0,0.0,0.0,
2019-07-02 00:00:00-04:00,271.4727477270736,272.28089817999637,270.6186910998588,272.2257995605469,61504500,0.0,0.0,0.0,
2019-07-03 00:00:00-04:00,272.9145335665245,274.4206370857775,272.7675945871526,274.4022521972656,40898900,0.0,0.0,0.0,
2019-07-05 00:00:00-04:00,273.153352771823,274.2553812650559,271.8401222358404,274.0900573730469,51677300,0.0,0.0,0.0,
2019-07-08 00:00:00-04:00,272.75838107725605,273.90631537285645,272.03287875522955,272.5838928222656,45841800,0.0,0.0,0.0,
2019-07-09 00:00:00-04:00,271.408377531429,273.2266873068572,271.3532789337334,272.92364501953125,41101300,0.0,0.0,0.0,
2019-07-10 00:00:00-04:00,274.0073277453317,275.1920038184866,273.46550610585535,274.22772216796875,58448500,0.0,0.0,0.0,
2019-07-11 00:00:00-04:00,274.8798589497695,275.11861031046817,273.85131394006874,274.87066650390625,50826100,0.0,0.0,0.0,
2019-07-12 00:00:00-04:00,275.3665598665007,276.174710316103,275.0543250156539,276.1012268066406,40326000,0.0,0.0,0.0,
2019-07-15 00:00:00-04:00,276.54196967611887,276.54196967611887,275.67872083863415,276.1929931640625,33900000,0.0,0.0,0.0,
2019-07-16 00:00:00-04:00,276.10117342618673,276.31240344286846,274.98998078569144,275.3022155761719,36650100,0.0,0.0,0.0,
2019-07-17 00:00:00-04:00,275.2746901144527,275.43998595448124,273.4288024902344,273.4288024902344,36036300,0.0,0.0,0.0,
2019-07-18 00:00:00-04:00,272.9236429822463,274.81543622430456,272.4736617625122,274.4297180175781,51392600,0.0,0.0,0.0,
2019-07-19 00:00:00-04:00,275.5410180830277,275.56856738963114,272.73087670649767,272.9053649902344,58678600,0.0,0.0,0.0,
2019-07-22 00:00:00-04:00,273.3093245139019,274.1266670573135,272.78588785626584,273.5756530761719,43638100,0.0,0.0,0.0,
2019-07-23 00:00:00-04:00,274.7145454688616,275.5318603515625,273.8696532503387,275.5318603515625,44564500,0.0,0.0,0.0,
2019-07-24 00:00:00-04:00,274.76037837444625,276.82666015625,274.66853802344025,276.82666015625,47213200,0.0,0.0,0.0,
2019-07-25 00:00:00-04:00,276.3675214233746,276.4226200358073,274.68692966694636,275.5042724609375,55394100,0.0,0.0,0.0,
2019-07-26 00:00:00-04:00,276.20219383719365,277.55216573810543,276.07361173913506,277.3501281738281,45084100,0.0,0.0,0.0,
2019-07-29 00:00:00-04:00,277.23071946262496,277.35010910954696,276.2848227552861,276.8450012207031,38126500,0.0,0.0,0.0,
2019-07-30 00:00:00-04:00,275.42163749759715,276.57876446460017,275.0359191666811,276.1654968261719,45849000,0.0,0.0,0.0,
2019-07-31 00:00:00-04:00,276.4134499099316,276.6063230947628,271.09623720064997,273.1441345214844,104245200,0.0,0.0,0.0,
2019-08-01 00:00:00-04:00,273.300242746731,276.30322921476494,269.95744413578745,270.7655944824219,142646600,0.0,0.0,0.0,
2019-08-02 00:00:00-04:00,269.8564453023217,270.1043890626989,267.1473086977525,268.72686767578125,116749700,0.0,0.0,0.0,
2019-08-05 00:00:00-04:00,264.56668837432744,264.6768855737406,258.7168201576667,260.6453552246094,178745400,0.0,0.0,0.0,
2019-08-06 00:00:00-04:00,262.56469209968395,264.52077642364287,261.06778144704924,264.30035400390625,120711700,0.0,0.0,0.0,
2019-08-07 00:00:00-04:00,261.17806565467237,265.2371745927813,259.01077865635125,264.4565734863281,140572300,0.0,0.0,0.0,
2019-08-08 00:00:00-04:00,265.9717823418331,269.6451721191406,265.41160385314885,269.6451721191406,87713900,0.0,0.0,0.0,
2019-08-09 00:00:00-04:00,268.69004674272156,269.29615933743503,265.9992958194111,267.8084411621094,93730000,0.0,0.0,0.0,
2019-08-12 00:00:00-04:00,266.2840939940152,267.79936210950996,263.5841494860801,264.5484313964844,65527600,0.0,0.0,0.0,
2019-08-13 00:00:00-04:00,264.24528760672166,270.13189815353707,263.8963110898706,268.66253662109375,94299800,0.0,0.0,0.0,
2019-08-14 00:00:00-04:00,264.54836284020104,265.163639951689,260.59028748011,260.7188415527344,135622100,0.0,0.0,0.0,
2019-08-15 00:00:00-04:00,261.61882277356654,262.31677579508874,259.3321466198546,261.4075927734375,99556600,0.0,0.0,0.0,
2019-08-16 00:00:00-04:00,263.0881696136289,265.70543724694943,261.46267680156967,265.2646484375,83018300,0.0,0.0,0.0,
2019-08-19 00:00:00-04:00,268.3318951723634,269.14920968179706,267.6431347093163,268.46044921875,53571800,0.0,0.0,0.0,
2019-08-20 00:00:00-04:00,267.946228875082,268.4880505145258,266.2748577939506,266.4034118652344,51596400,0.0,0.0,0.0,
2019-08-21 00:00:00-04:00,268.59838061241135,268.9473292425485,267.9004273006343,268.5708312988281,49524700,0.0,0.0,0.0,
2019-08-22 00:00:00-04:00,269.2870841197642,269.9299106417018,266.6881446470625,268.48809814453125,51666400,0.0,0.0,0.0,
2019-08-23 00:00:00-04:00,267.1656850202648,268.85544117095134,260.3239844742992,261.59130859375,149161500,0.0,0.0,0.0,
2019-08-26 00:00:00-04:00,263.81369652596834,264.4841003417969,262.26168688954203,264.4841003417969,72423800,0.0,0.0,0.0,
2019-08-27 00:00:00-04:00,265.89838112314163,266.2749070152189,262.67497196771467,263.4463806152344,66668900,0.0,0.0,0.0,
2019-08-28 00:00:00-04:00,262.77602695408115,265.4667790157679,261.95868404056137,265.3014831542969,59696700,0.0,0.0,0.0,
2019-08-29 00:00:00-04:00,267.9003286118531,269.22275122819866,266.8809483332888,268.6900939941406,57899400,0.0,0.0,0.0,
2019-08-30 00:00:00-04:00,270.1962968517416,270.21465371887996,267.62493416480197,268.5708312988281,62901200,0.0,0.0,0.0,
2019-09-03 00:00:00-04:00,266.8442933166245,267.7718054201321,265.6504245117499,267.0003967285156,69101400,0.0,0.0,0.0,
2019-09-04 00:00:00-04:00,269.20440713865116,270.0492711678876,268.44216299789707,270.0309143066406,46887300,0.0,0.0,0.0,
2019-09-05 00:00:00-04:00,272.556422323907,274.42983145744944,269.99422438811655,273.5023193359375,83258100,0.0,0.0,0.0,
2019-09-06 00:00:00-04:00,273.82375676408543,274.36557856521506,273.13499596211153,273.7135314941406,49584300,0.0,0.0,0.0,
2019-09-09 00:00:00-04:00,274.714536898188,274.8063492450725,272.8961984127743,273.8512878417969,51260300,0.0,0.0,0.0,
2019-09-10 00:00:00-04:00,273.07978080555387,273.85121731639094,271.80329243967805,273.78692626953125,57947100,0.0,0.0,0.0,
2019-09-11 00:00:00-04:00,274.09919865762845,275.8165041188757,273.4379872902545,275.7338562011719,68821100,0.0,0.0,0.0,
2019-09-12 00:00:00-04:00,276.65222309140046,277.76341587469994,275.88081444653386,276.68896484375,72908700,0.0,0.0,0.0,
2019-09-13 00:00:00-04:00,277.13897222380274,277.49714128489825,276.12878413247336,276.50531005859375,62104800,0.0,0.0,0.0,
2019-09-16 00:00:00-04:00,275.35730616105707,276.55117470536175,274.99916521578444,275.65118408203125,58191200,0.0,0.0,0.0,
2019-09-17 00:00:00-04:00,275.44919135905286,276.4409944716347,275.2747030666757,276.34918212890625,41475500,0.0,0.0,0.0,
2019-09-18 00:00:00-04:00,275.9543196394802,276.6247236183429,273.88803710306513,276.5145263671875,73375800,0.0,0.0,0.0,
2019-09-19 00:00:00-04:00,276.90936139625086,277.91954940039517,276.15630960900273,276.49609375,76560500,0.0,0.0,0.0,
2019-09-20 00:00:00-04:00,277.10863823123276,277.3946665379024,274.3870193450998,275.1896667480469,89565000,1.384,0.0,0.0,
2019-09-23 00:00:00-04:00,274.51614935203236,275.85391370732657,274.2578257429945,275.12506103515625,43476800,0.0,0.0,0.0,
2019-09-24 00:00:00-04:00,276.23218776041034,276.6288940030182,271.98827561938737,272.9662170410156,94869400,0.0,0.0,0.0,
2019-09-25 00:00:00-04:00,273.049249420286,275.03280880886086,271.5454258540831,274.58074951171875,71854000,0.0,0.0,0.0,
2019-09-26 00:00:00-04:00,274.58999374969187,274.80217106528704,272.5787577674433,274.0087585449219,56179700,0.0,0.0,0.0,
2019-09-27 00:00:00-04:00,274.77450647379146,274.885240738452,270.9550049203769,272.5326232910156,84746600,0.0,0.0,0.0,
2019-09-30 00:00:00-04:00,273.0585711816716,274.516248899446,273.0124530100046,273.796630859375,51662400,0.0,0.0,0.0,
2019-10-01 00:00:00-04:00,274.69153539589973,275.35580034951306,270.318474208462,270.5398864746094,88242400,0.0,0.0,0.0,
2019-10-02 00:00:00-04:00,268.9345712272821,268.9438061227416,264.45080424034103,265.7608642578125,122539500,0.0,0.0,0.0,
2019-10-03 00:00:00-04:00,265.5302309429801,267.96587843694783,262.77169995314114,267.9382019042969,85278800,0.0,0.0,0.0,
2019-10-04 00:00:00-04:00,268.602402899276,271.8222274368962,268.54702169198765,271.56390380859375,65091200,0.0,0.0,0.0,
2019-10-07 00:00:00-04:00,270.752126600441,272.4035683769587,270.10630320141684,270.3923034667969,59610500,0.0,0.0,0.0,
2019-10-08 00:00:00-04:00,268.5101949288186,269.25748944491363,266.1575770978192,266.1944885253906,95708100,0.0,0.0,0.0,
2019-10-09 00:00:00-04:00,268.24267610053505,269.67267738517506,267.60608761765036,268.722412109375,62359400,0.0,0.0,0.0,
2019-10-10 00:00:00-04:00,268.63935610972123,271.4347985905166,268.4732969101107,270.5398864746094,55296300,0.0,0.0,0.0,
2019-10-11 00:00:00-04:00,273.33527804502666,275.6140727102578,273.2153651933121,273.3445129394531,98720400,0.0,0.0,0.0,
2019-10-14 00:00:00-04:00,273.02159979133,273.7043344061968,272.6894814558536,273.0400695800781,40394800,0.0,0.0,0.0,
2019-10-15 00:00:00-04:00,274.1010492100688,276.4997849431065,273.98110820014193,275.7432556152344,46754500,0.0,0.0,0.0,
2019-10-16 00:00:00-04:00,275.27273850903566,276.00159133996715,274.8575905586325,275.3004150390625,48928200,0.0,0.0,0.0,
2019-10-17 00:00:00-04:00,276.4813344825739,276.99798182671105,275.41112836824163,276.1123046875,45736600,0.0,0.0,0.0,
2019-10-18 00:00:00-04:00,275.5680125282457,276.2230426015281,274.03651195501567,274.90374755859375,64304000,0.0,0.0,0.0,
2019-10-21 00:00:00-04:00,276.2415103610269,276.9703351343854,275.7986576661279,276.7673645019531,39048600,0.0,0.0,0.0,
2019-10-22 00:00:00-04:00,277.311662886987,277.6068979897199,275.7709557258436,275.86322021484375,48594700,0.0,0.0,0.0,
2019-10-23 00:00:00-04:00,275.6048918196966,276.72121609852786,275.39268631414666,276.6658630371094,34352200,0.0,0.0,0.0,
2019-10-24 00:00:00-04:00,277.6161256253122,277.76374317281835,276.27836095771596,277.117919921875,35453100,0.0,0.0,0.0,
2019-10-25 00:00:00-04:00,276.5366260388751,278.80621367637366,276.4812729896837,278.2526550292969,45205400,0.0,0.0,0.0,
2019-10-28 00:00:00-04:00,279.4889875816381,280.32854657077405,279.4613110503554,279.82110595703125,42147000,0.0,0.0,0.0,
2019-10-29 00:00:00-04:00,279.54433191402416,280.67912597151593,279.41515600195936,279.7380676269531,44284900,0.0,0.0,0.0,
2019-10-30 00:00:00-04:00,279.94101125389005,280.9743058301447,278.61248161151525,280.5960693359375,49643900,0.0,0.0,0.0,
2019-10-31 00:00:00-04:00,280.5867813733596,280.5867813733596,278.37257510657,279.84869384765625,69053800,0.0,0.0,0.0,
2019-11-01 00:00:00-04:00,281.31566418286167,282.48734130195214,281.1495768747873,282.44122314453125,71141500,0.0,0.0,0.0,
2019-11-04 00:00:00-05:00,284.0188718975768,284.1572545398584,283.1977546280954,283.5760192871094,60606900,0.0,0.0,0.0,
2019-11-05 00:00:00-05:00,283.77903752475464,284.0835075440582,282.9671550135065,283.26239013671875,42933200,0.0,0.0,0.0,
2019-11-06 00:00:00-05:00,283.2623163514019,283.6036695558117,282.36740447395516,283.326904296875,46487100,0.0,0.0,0.0,
2019-11-07 00:00:00-05:00,284.68315679068115,285.679540040467,283.8435978281402,284.3233337402344,54272300,0.0,0.0,0.0,
2019-11-08 00:00:00-05:00,283.97271076087,285.07982815168026,283.26232779745163,285.02447509765625,49032100,0.0,0.0,0.0,
2019-11-11 00:00:00-05:00,283.62213261911467,284.65542710153255,283.4837218377641,284.4801330566406,35797300,0.0,0.0,0.0,
2019-11-12 00:00:00-05:00,284.84921736238846,285.9932181649754,284.2956585963995,285.0798645019531,46484600,0.0,0.0,0.0,
2019-11-13 00:00:00-05:00,284.0742669418868,285.5780909056732,283.8436197856047,285.1721496582031,53917700,0.0,0.0,0.0,
2019-11-14 00:00:00-05:00,284.8861321065084,285.6703380211964,284.2403088461374,285.5872802734375,51219900,0.0,0.0,0.0,
2019-11-15 00:00:00-05:00,286.9435498077002,287.7000793581829,286.24240148631316,287.6539611816406,62023600,0.0,0.0,0.0,
2019-11-18 00:00:00-05:00,287.4140294565115,288.10597091620093,286.9527351500519,287.8660888671875,49228000,0.0,0.0,0.0,
2019-11-19 00:00:00-05:00,288.4749613848458,288.4841962793699,287.12799007714665,287.78302001953125,67804700,0.0,0.0,0.0,
2019-11-20 00:00:00-05:00,287.18338932116336,287.7092716006191,285.1352414242255,286.7128601074219,79406200,0.0,0.0,0.0,
2019-11-21 00:00:00-05:00,286.82352382491956,286.9342299291102,285.43964121220876,286.2514953613281,54664700,0.0,0.0,0.0,
2019-11-22 00:00:00-05:00,287.0080025121291,287.1463851317111,285.86400198336906,286.8880615234375,44850200,0.0,0.0,0.0,
2019-11-25 00:00:00-05:00,287.82918880914013,289.111572265625,287.82918880914013,289.111572265625,48647200,0.0,0.0,0.0,
2019-11-26 00:00:00-05:00,289.14839163883437,289.95103892491016,288.8254801149111,289.7665100097656,37569000,0.0,0.0,0.0,
2019-11-27 00:00:00-05:00,290.255582334246,291.0582580566406,290.0341700826444,291.0582580566406,44444600,0.0,0.0,0.0,
2019-11-29 00:00:00-05:00,290.48620269806236,290.7353196133145,289.7481431573277,289.9787902832031,36592700,0.0,0.0,0.0,
2019-12-02 00:00:00-05:00,290.23712219938653,290.30171015371013,287.0818851944924,287.5155029296875,75767800,0.0,0.0,0.0,
2019-12-03 00:00:00-05:00,284.7569561923667,285.6703380211964,283.3546317033398,285.5872802734375,73941700,0.0,0.0,0.0,
2019-12-04 00:00:00-05:00,286.64833899260975,287.9583992649053,286.2977507589836,287.3494873046875,49080000,0.0,0.0,0.0,
2019-12-05 00:00:00-05:00,288.059852747623,288.0782943840201,286.5375590121702,287.8660888671875,40709000,0.0,0.0,0.0,
2019-12-06 00:00:00-05:00,289.80354191170505,290.90142465640093,289.7943070155605,290.4954833984375,48927000,0.0,0.0,0.0,
2019-12-09 00:00:00-05:00,290.0986784654643,290.7813848240789,289.5082084162699,289.58203125,34838500,0.0,0.0,0.0,
2019-12-10 00:00:00-05:00,289.52671380707955,290.2001853555082,288.5948904639861,289.2591552734375,52649800,0.0,0.0,0.0,
2019-12-11 00:00:00-05:00,289.7204687146102,290.33861540468075,289.1761448722447,290.0802917480469,53429100,0.0,0.0,0.0,
2019-12-12 00:00:00-05:00,290.08941430180545,293.37382619235046,289.84956050428843,292.5804138183594,96389600,0.0,0.0,0.0,
2019-12-13 00:00:00-05:00,292.3406222403503,294.0012984831567,291.55641636084454,292.75579833984375,81503900,0.0,0.0,0.0,
2019-12-16 00:00:00-05:00,294.5087356429535,295.36673628844625,292.69123496471997,294.7670593261719,82749700,0.0,0.0,0.0,
2019-12-17 00:00:00-05:00,295.15451559931756,295.4589574060298,294.74857442025746,294.83160400390625,61097700,0.0,0.0,0.0,
2019-12-18 00:00:00-05:00,295.2283012607038,295.45894837106374,294.79468356702057,294.85003662109375,48133000,0.0,0.0,0.0,
2019-12-19 00:00:00-05:00,295.04377135425017,296.1324471095464,294.7854477176907,296.0586242675781,85310500,0.0,0.0,0.0,
2019-12-20 00:00:00-05:00,297.1063781897965,298.5063455631307,296.11437624807314,297.3567199707031,147142100,1.57,0.0,0.0,
2019-12-23 00:00:00-05:00,298.1539140482699,298.2095392453586,297.6625392782595,297.8108825683594,52990000,0.0,0.0,0.0,
2019-12-24 00:00:00-05:00,298.0425996175023,298.0889445072555,297.51413206511455,297.8200988769531,20270000,0.0,0.0,0.0,
2019-12-26 00:00:00-05:00,298.2095193333965,299.4147978748833,298.20026733022587,299.405517578125,30911200,0.0,0.0,0.0,
2019-12-27 00:00:00-05:00,300.14720323331466,300.20282842623476,298.7936097162796,299.3313293457031,42528800,0.0,0.0,0.0,
2019-12-30 00:00:00-05:00,299.41486840671575,299.5539314229106,297.18974697322045,297.6811218261719,49729100,0.0,0.0,0.0,
2019-12-31 00:00:00-05:00,297.17120326966756,298.65460807056405,296.8188914464254,298.4042663574219,57077300,0.0,0.0,0.0,
2020-01-02 00:00:00-05:00,299.96188309387816,301.2135068878565,299.02547824984475,301.1949462890625,59151200,0.0,0.0,0.0,
2020-01-03 00:00:00-05:00,297.7553094565026,300.0545884148705,297.6996842496835,298.9142150878906,77709700,0.0,0.0,0.0,
2020-01-06 00:00:00-05:00,297.1341008274313,300.1380032335245,297.0135701240249,300.0545654296875,55653900,0.0,0.0,0.0,
2020-01-07 00:00:00-05:00,299.4797221772456,299.96184498710954,298.75656625604176,299.21087646484375,40496400,0.0,0.0,0.0,
2020-01-08 00:00:00-05:00,299.40557500537017,302.0386050732806,299.15526158717347,300.8055419921875,68296000,0.0,0.0,0.0,
2020-01-09 00:00:00-05:00,302.39093288883385,302.91940064879424,301.79755962285844,302.84521484375,48473300,0.0,0.0,0.0,
2020-01-10 00:00:00-05:00,303.4385969749119,303.5961923014446,301.5009100920409,301.9737243652344,53029300,0.0,0.0,0.0,
2020-01-13 00:00:00-05:00,302.6041945615568,304.05975859762435,302.1684448926002,304.0505065917969,47086800,0.0,0.0,0.0,
2020-01-14 00:00:00-05:00,303.6054463659038,304.67163383027827,303.0213534323649,303.5869140625,62832800,0.0,0.0,0.0,
2020-01-15 00:00:00-05:00,303.49416814327054,305.0424499965816,303.410730345211,304.27294921875,72056600,0.0,0.0,0.0,
2020-01-16 00:00:00-05:00,305.6729840339392,306.8040771484375,305.44120288993213,306.8040771484375,54050300,0.0,0.0,0.0,
2020-01-17 00:00:00-05:00,307.527191055715,307.97219268334277,306.7391296153337,307.75897216796875,95846000,0.0,0.0,0.0,
2020-01-21 00:00:00-05:00,306.78546692345196,307.9721850570609,306.71130941854796,307.15631103515625,77742400,0.0,0.0,0.0,
2020-01-22 00:00:00-05:00,308.02779617917,308.6860748629666,307.03579459176376,307.1933898925781,48914900,0.0,0.0,0.0,
2020-01-23 00:00:00-05:00,306.53521393881306,307.9629937585924,305.40412078431734,307.5457763671875,51963000,0.0,0.0,0.0,
2020-01-24 00:00:00-05:00,308.2132895489436,308.29672736372197,303.5034809617488,304.81072998046875,87578400,0.0,0.0,0.0,
2020-01-27 00:00:00-05:00,299.4890245254738,301.4267113250342,299.145992989256,299.9247741699219,84062500,0.0,0.0,0.0,
2020-01-28 00:00:00-05:00,301.37106495453526,303.95775003646014,300.01747120893106,303.0677185058594,63834000,0.0,0.0,0.0,
2020-01-29 00:00:00-05:00,304.4491308956502,304.68091200775257,302.6134143021062,302.8173828125,53888900,0.0,0.0,0.0,
2020-01-30 00:00:00-05:00,300.7220501330904,304.0133586562443,299.9618296450814,303.80010986328125,75491800,0.0,0.0,0.0,
2020-01-31 00:00:00-05:00,303.1696879918508,303.32731159381,297.3566280132966,298.28375244140625,113845600,0.0,0.0,0.0,
2020-02-03 00:00:00-05:00,299.78566666672083,302.3908838478988,299.66513597326724,300.4995422363281,69083000,0.0,0.0,0.0,
2020-02-04 00:00:00-05:00,304.1616847787236,305.96030823676443,303.8371856055245,305.07952880859375,62573200,0.0,0.0,0.0,
2020-02-05 00:00:00-05:00,308.0556305853747,308.81587942426825,306.5722541013585,308.6026306152344,65951100,0.0,0.0,0.0,
2020-02-06 00:00:00-05:00,309.5761162291249,309.8357099330959,308.5469934177312,309.6410217285156,50359700,0.0,0.0,0.0,
2020-02-07 00:00:00-05:00,308.565565805044,309.65028556560486,307.43447284589274,307.9907531738281,64139400,0.0,0.0,0.0,
2020-02-10 00:00:00-05:00,307.09141592013054,310.35488352384476,307.0543230230456,310.28997802734375,42070000,0.0,0.0,0.0,
2020-02-11 00:00:00-05:00,311.6621345536354,312.45944793843125,310.2899802874024,310.8277282714844,54864500,0.0,0.0,0.0,
2020-02-12 00:00:00-05:00,312.2833244446266,313.0435733045393,311.9124803133696,312.8303527832031,43992700,0.0,0.0,0.0,
2020-02-13 00:00:00-05:00,311.3840213126561,313.4793317387837,311.1058952798048,312.49658203125,54501900,0.0,0.0,0.0,
2020-02-14 00:00:00-05:00,312.9137850943429,313.11775360699056,311.6992543169933,312.9972229003906,64582200,0.0,0.0,0.0,
2020-02-18 00:00:00-05:00,311.9866747886464,313.062142604704,310.78139596156376,312.1906433105469,57226200,0.0,0.0,0.0,
2020-02-19 00:00:00-05:00,313.17341190309395,314.3693822097454,312.8860055540293,313.6833190917969,48814700,0.0,0.0,0.0,
2020-02-20 00:00:00-05:00,313.12703081262896,313.9614655274482,309.3629074710407,312.3946228027344,74163400,0.0,0.0,0.0,
2020-02-21 00:00:00-05:00,311.02239754672445,311.3376164210889,308.34299467424273,309.17742919921875,113788200,0.0,0.0,0.0,
2020-02-24 00:00:00-05:00,299.5910232004645,309.2516446037945,297.82946402329435,298.9234924316406,161088400,0.0,0.0,0.0,
2020-02-25 00:00:00-05:00,300.33265913765354,300.953816597268,288.97538604168346,289.86541748046875,218913200,0.0,0.0,0.0,
2020-02-26 00:00:00-05:00,291.28397279381636,294.9275653405686,288.0575975954808,288.7992858886719,194773800,0.0,0.0,0.0,
2020-02-27 00:00:00-05:00,283.1993872469276,288.8548512652725,275.8287658691406,275.8287658691406,284353500,0.0,0.0,0.0,
2020-02-28 00:00:00-05:00,267.6608627028327,276.18113938347227,264.73114579745976,274.669921875,384975800,0.0,0.0,0.0,
2020-03-02 00:00:00-05:00,276.47779171091906,286.62981639471866,273.00107480463083,286.5649108886719,238703600,0.0,0.0,0.0,
2020-03-03 00:00:00-05:00,286.9450141305417,290.9687308042171,275.88442635371035,278.3598327636719,300139100,0.0,0.0,0.0,
2020-03-04 00:00:00-05:00,283.81137008875044,290.28270980148613,281.22468460487516,290.0601806640625,176613400,0.0,0.0,0.0,
2020-03-05 00:00:00-05:00,282.75443208360537,285.9900874418258,278.1466223190575,280.4180603027344,186366800,0.0,0.0,0.0,
2020-03-06 00:00:00-05:00,271.7865660114753,277.00628194388554,269.07937807189853,275.782470703125,228667200,0.0,0.0,0.0,
2020-03-09 00:00:00-04:00,255.23737835639645,263.4795292210145,253.52222056665795,254.2453765869141,309417300,0.0,0.0,0.0,
2020-03-10 00:00:00-04:00,263.89668572605297,267.4939043987404,253.56850699723532,267.4012145996094,276444100,0.0,0.0,0.0,
2020-03-11 00:00:00-04:00,260.2438541154178,261.39347942224254,251.13948488720615,254.36585998535156,255316300,0.0,0.0,0.0,
2020-03-12 00:00:00-04:00,237.34383443386733,247.22698343482088,229.63015302430503,230.02882385253903,392220700,0.0,0.0,0.0,
2020-03-13 00:00:00-04:00,243.9171357513015,251.6957224343543,230.40894166567577,249.6931304931641,329566100,0.0,0.0,0.0,
2020-03-16 00:00:00-04:00,223.6038822393048,238.1782806492141,220.06227397206484,222.37081909179688,297240000,0.0,0.0,0.0,
2020-03-17 00:00:00-04:00,227.1825652688413,237.50147890148384,219.79339653886177,234.37705993652344,262070500,0.0,0.0,0.0,
2020-03-18 00:00:00-04:00,219.0331106185913,230.2698523379552,211.40288177380572,222.50982666015625,327597100,0.0,0.0,0.0,
2020-03-19 00:00:00-04:00,221.81450963937905,229.35203543435009,215.29682632905445,222.9826812744141,289322000,0.0,0.0,0.0,
2020-03-20 00:00:00-04:00,226.17772739147492,227.98692767820097,213.0936831281744,213.3734588623047,347158800,1.406,0.0,0.0,
2020-03-23 00:00:00-04:00,212.8045663726438,214.1940958101005,203.54407726275937,207.91786193847656,326025200,0.0,0.0,0.0,
2020-03-24 00:00:00-04:00,218.6144892073509,227.64183331906816,218.0362965748379,226.75587463378903,235494500,0.0,0.0,0.0,
2020-03-25 00:00:00-04:00,228.3599223786975,239.06590706452997,223.5851369380366,230.1504669189453,299430300,0.0,0.0,0.0,
2020-03-26 00:00:00-04:00,232.69643020792023,245.0810274567559,232.2581182314121,243.58892822265625,257632800,0.0,0.0,0.0,
2020-03-27 00:00:00-04:00,236.1935695844539,243.22518761601003,234.1232493572089,236.3334503173828,224341200,0.0,0.0,0.0,
2020-03-30 00:00:00-04:00,238.4597793005951,244.73601440046392,236.4360902484825,244.00860595703125,171369500,0.0,0.0,0.0,
2020-03-31 00:00:00-04:00,242.99204247552908,245.57526819848584,238.94466534795137,240.3715057373047,194881100,0.0,0.0,0.0,
2020-04-01 00:00:00-04:00,231.2602201174131,240.2875642752323,227.4553078753553,229.55360412597656,189554600,0.0,0.0,0.0,
2020-04-02 00:00:00-04:00,228.65835693606,235.64334345021692,228.09880553341145,234.8506622314453,177660400,0.0,0.0,0.0,
2020-04-03 00:00:00-04:00,233.8527985965166,236.24020557889955,228.6863328023377,231.45608520507812,135561200,0.0,0.0,0.0,
2020-04-06 00:00:00-04:00,240.4553868148469,248.99778619074328,231.43737881283968,247.00205993652344,188061200,0.0,0.0,0.0,
2020-04-07 00:00:00-04:00,255.72170050736804,256.48641978789095,247.03011233789096,247.25392150878903,201427200,0.0,0.0,0.0,
2020-04-08 00:00:00-04:00,249.89308912940615,257.39100910248607,247.36581581316824,255.5538330078125,153774500,0.0,0.0,0.0,
2020-04-09 00:00:00-04:00,258.86446688746577,262.2404163485001,256.8967449348948,259.44268798828125,189999200,0.0,0.0,0.0,
2020-04-13 00:00:00-04:00,258.4541977163415,258.7992463780909,253.1105255142025,257.073974609375,114839100,0.0,0.0,0.0,
2020-04-14 00:00:00-04:00,262.0351951140974,265.6908768229173,256.93400363748725,264.6557312011719,134143400,0.0,0.0,0.0,
2020-04-15 00:00:00-04:00,258.85518739235687,264.7956933412649,256.88743677523325,259.0323791503906,121775000,0.0,0.0,0.0,
2020-04-16 00:00:00-04:00,260.3286303636444,261.149301941165,257.1672119683842,260.2820129394531,131798300,0.0,0.0,0.0,
2020-04-17 00:00:00-04:00,266.1386045310239,267.92913492449776,263.35951716744296,267.31365966796875,146684800,0.0,0.0,0.0,
2020-04-20 00:00:00-04:00,263.55534344495436,267.4535335494662,262.38031679810956,262.6041259765625,100109300,0.0,0.0,0.0,
2020-04-21 00:00:00-04:00,258.0718082460291,259.29348072578364,253.67935408816768,254.6305999755859,126385700,0.0,0.0,0.0,
2020-04-22 00:00:00-04:00,259.5825808167889,262.0539019582094,258.23966886447624,260.2820129394531,92951600,0.0,0.0,0.0,
2020-04-23 00:00:00-04:00,261.57833329550306,264.7957331114833,259.95565954134184,260.2633972167969,104709700,0.0,0.0,0.0,
2020-04-24 00:00:00-04:00,261.80215150389427,264.57190421689205,259.7224961366366,263.89111328125,85063200,0.0,0.0,0.0,
2020-04-27 00:00:00-04:00,265.89617929565713,268.83378927118895,265.42989109446245,267.696044921875,77896600,0.0,0.0,0.0,
2020-04-28 00:00:00-04:00,271.3982726486029,271.7526561022718,266.1571997853,266.4649658203125,105270000,0.0,0.0,0.0,
2020-04-29 00:00:00-04:00,271.8739525611851,274.9980886853594,270.8294717165585,273.440673828125,118745600,0.0,0.0,0.0,
2020-04-30 00:00:00-04:00,272.04176473808707,273.54322705040823,269.13213187491306,270.89471435546875,122901700,0.0,0.0,0.0,
2020-05-01 00:00:00-04:00,266.0733179026497,271.0626063501023,262.5388460753186,263.7232360839844,125180000,0.0,0.0,0.0,
2020-05-04 00:00:00-04:00,261.8113557216955,264.75829905588773,260.30992214526503,264.4505615234375,80873200,0.0,0.0,0.0,
2020-05-05 00:00:00-04:00,267.3136831683947,269.7476936403709,264.58121299131085,266.8940124511719,79569900,0.0,0.0,0.0,
2020-05-06 00:00:00-04:00,268.6192185807688,269.01088459172803,264.64643542411864,265.0847473144531,73632600,0.0,0.0,0.0,
2020-05-07 00:00:00-04:00,268.34879546369257,270.2419239683566,267.77060278640107,268.28350830078125,75250400,0.0,0.0,0.0,
2020-05-08 00:00:00-04:00,271.46358123455855,273.19818762894636,270.3165023534317,272.7225646972656,76452400,0.0,0.0,0.0,
2020-05-11 00:00:00-04:00,270.7641962542748,274.17742888621797,270.3352191302512,272.778564453125,79514200,0.0,0.0,0.0,
2020-05-12 00:00:00-04:00,273.98155131270204,274.40119349845673,267.20170458098124,267.34161376953125,95870800,0.0,0.0,0.0,
2020-05-13 00:00:00-04:00,266.77265324770315,267.8264685428984,260.1513588252917,262.6133728027344,144721100,0.0,0.0,0.0,
2020-05-14 00:00:00-04:00,260.142097557135,265.8867409146863,254.58392387151173,265.7561950683594,121977900,0.0,0.0,0.0,
2020-05-15 00:00:00-04:00,263.33152902720104,267.0245226980321,262.37097670882946,266.9779052734375,111146300,0.0,0.0,0.0,
2020-05-18 00:00:00-04:00,273.2915109672915,276.74205513647047,272.9651319853204,275.11004638671875,119703800,0.0,0.0,0.0,
2020-05-19 00:00:00-04:00,274.50380712527533,276.23838517730223,272.26562996202875,272.2842712402344,95189300,0.0,0.0,0.0,
2020-05-20 00:00:00-04:00,275.87473553093594,277.7865056148541,275.64159144948394,276.9098815917969,85861700,0.0,0.0,0.0,
2020-05-21 00:00:00-04:00,276.7793320843429,277.6000037939128,273.88833982016575,274.99810791015625,78293900,0.0,0.0,0.0,
2020-05-22 00:00:00-04:00,274.7089575097548,275.6974859309924,273.44997404196266,275.5202941894531,63958200,0.0,0.0,0.0,
2020-05-26 00:00:00-04:00,281.57273442332837,281.81521335042993,275.5389650740478,278.9148864746094,88951400,0.0,0.0,0.0,
2020-05-27 00:00:00-04:00,281.7499747618546,283.1022219131131,276.8539487079485,283.0649108886719,104817400,0.0,0.0,0.0,
2020-05-28 00:00:00-04:00,284.1093236697002,286.1516677528395,281.8618116913607,282.5426025390625,90405200,0.0,0.0,0.0,
2020-05-29 00:00:00-04:00,282.0670289681868,284.3984697945521,279.27863484704466,283.8016357421875,119090800,0.0,0.0,0.0,
2020-06-01 00:00:00-04:00,283.1487434036607,285.56411202327604,282.6265030783365,284.9486083984375,55758300,0.0,0.0,0.0,
2020-06-02 00:00:00-04:00,285.88126481110095,287.35475136159704,284.52904619801865,287.30810546875,74267200,0.0,0.0,0.0,
2020-06-03 00:00:00-04:00,289.3224525933364,292.1015401206026,289.0426910966183,291.13165283203125,92567600,0.0,0.0,0.0,
2020-06-04 00:00:00-04:00,290.13376879109785,291.8963514751666,288.24064023782057,290.3669128417969,75794400,0.0,0.0,0.0,
2020-06-05 00:00:00-04:00,295.84111604957445,299.60870286996715,295.77582889447797,297.808837890625,150524700,0.0,0.0,0.0,
2020-06-08 00:00:00-04:00,298.6295431311322,301.60446339855105,298.0793266044891,301.40863037109375,73641200,0.0,0.0,0.0,
2020-06-09 00:00:00-04:00,298.7041206421371,301.48320773267557,297.82749681022113,299.1611022949219,77479200,0.0,0.0,0.0,
2020-06-10 00:00:00-04:00,299.7485760705032,300.65317588552927,296.7643216296032,297.4917297363281,95000800,0.0,0.0,0.0,
2020-06-11 00:00:00-04:00,290.4601939521889,291.1036738483451,279.7822128518547,280.34173583984375,209243600,0.0,0.0,0.0,
2020-06-12 00:00:00-04:00,287.4572552493203,288.24061577799773,278.4672362164336,283.698974609375,194678900,0.0,0.0,0.0,
2020-06-15 00:00:00-04:00,277.9262530649203,287.49449068551434,276.7325570788388,286.347412109375,135782700,0.0,0.0,0.0,
2020-06-16 00:00:00-04:00,294.2091803061046,294.35839592876164,286.92576170622976,291.85906982421875,137627500,0.0,0.0,0.0,
2020-06-17 00:00:00-04:00,292.8941792714499,293.1926104504932,289.9005895328605,290.64666748046875,83398900,0.0,0.0,0.0,
2020-06-18 00:00:00-04:00,289.10795633168823,291.24353533454155,288.64166823255516,290.75860595703125,80828700,0.0,0.0,0.0,
2020-06-19 00:00:00-04:00,294.276794057839,294.47348887128004,287.12054450757995,289.0969543457031,135549600,1.366,0.0,0.0,
2020-06-22 00:00:00-04:00,288.4881256217078,291.3543647466026,287.32665132109224,290.95159912109375,74649400,0.0,0.0,0.0,
2020-06-23 00:00:00-04:00,293.63980660596644,294.58586256145816,291.87884361702186,292.2909851074219,68471200,0.0,0.0,0.0,
2020-06-24 00:00:00-04:00,290.22093205212803,290.8485202388786,282.9710378924179,284.83502197265625,132813500,0.0,0.0,0.0,
2020-06-25 00:00:00-04:00,284.2542576439699,288.1602255040483,282.2029263238514,287.8885803222656,89468000,0.0,0.0,0.0,
2020-06-26 00:00:00-04:00,286.77397235101216,286.9894190568023,280.4607578553267,281.05084228515625,127961000,0.0,0.0,0.0,
2020-06-29 00:00:00-04:00,282.3247472879432,285.32210640285064,280.00177039109366,285.1816101074219,79773300,0.0,0.0,0.0,
2020-06-30 00:00:00-04:00,284.7413383004649,290.55814156430307,284.5821187113963,288.8346252441406,113394800,0.0,0.0,0.0,
2020-07-01 00:00:00-04:00,289.96805073983813,292.1411553222898,289.4997107135446,290.8578796386719,72396500,0.0,0.0,0.0,
2020-07-02 00:00:00-04:00,294.34233272563904,295.7099061937447,291.7852144579482,292.4596252441406,69344200,0.0,0.0,0.0,
2020-07-06 00:00:00-04:00,296.33742973199605,297.5644781735686,295.578721263091,296.974365234375,61713800,0.0,0.0,0.0,
2020-07-07 00:00:00-04:00,295.410162321055,297.41464278802863,293.5274262504825,293.9114685058594,82910000,0.0,0.0,0.0,
2020-07-08 00:00:00-04:00,294.68885999049303,296.27185136402693,292.8998264735008,296.1594543457031,54638600,0.0,0.0,0.0,
2020-07-09 00:00:00-04:00,296.7777666684892,297.0213126805018,291.0078129043157,294.4735412597656,83354200,0.0,0.0,0.0,
2020-07-10 00:00:00-04:00,294.4078848731904,297.75183929229576,292.9560423252227,297.4801940917969,57550400,0.0,0.0,0.0,
2020-07-13 00:00:00-04:00,299.85940362043874,302.2760256899368,294.2393230460445,294.90435791015625,102997500,0.0,0.0,0.0,
2020-07-14 00:00:00-04:00,293.4618473075831,299.5128209928934,292.244174680497,298.72601318359375,93657000,0.0,0.0,0.0,
2020-07-15 00:00:00-04:00,301.9949669186474,302.58507982327967,299.05377834165535,301.4704284667969,87196500,0.0,0.0,0.0,
2020-07-16 00:00:00-04:00,299.5409200512278,300.93656417314014,298.8852325846452,300.47760009765625,54622500,0.0,0.0,0.0,
2020-07-17 00:00:00-04:00,301.49856607942473,302.1448775728989,299.49405713787746,301.34869384765625,62774900,0.0,0.0,0.0,
2020-07-20 00:00:00-04:00,301.07706900290543,304.54279670707643,300.3183604305946,303.7840881347656,56308800,0.0,0.0,0.0,
2020-07-21 00:00:00-04:00,305.7792416035271,306.2288297739383,303.4281653166513,304.430419921875,57292200,0.0,0.0,0.0,
2020-07-22 00:00:00-04:00,304.06505397612585,306.4817043595979,303.9526569508862,306.1632080078125,57792900,0.0,0.0,0.0,
2020-07-23 00:00:00-04:00,305.79797997273573,306.509866057885,301.1239550146999,302.5102233886719,75738000,0.0,0.0,0.0,
2020-07-24 00:00:00-04:00,300.6275556830517,301.6016826200613,299.03518772856324,300.5619812011719,73766600,0.0,0.0,0.0,
2020-07-27 00:00:00-04:00,301.2644053137518,302.93169463863757,300.4588456164485,302.75372314453125,48293000,0.0,0.0,0.0,
2020-07-28 00:00:00-04:00,302.01375460454585,303.1471580949692,300.5338126396104,300.83355712890625,57495000,0.0,0.0,0.0,
2020-07-29 00:00:00-04:00,301.72340680204917,305.1048370241945,301.6859315920094,304.533447265625,48454200,0.0,0.0,0.0,
2020-07-30 00:00:00-04:00,301.5172495830057,303.8683252441041,299.40037247860636,303.4468078613281,61861700,0.0,0.0,0.0,
2020-07-31 00:00:00-04:00,305.26402002756305,305.9478067490246,300.983385374377,305.8447570800781,84986800,0.0,0.0,0.0,
2020-08-03 00:00:00-04:00,307.53076758153577,308.74844008062144,306.9781298420921,307.97100830078125,53077900,0.0,0.0,0.0,
2020-08-04 00:00:00-04:00,307.09996710459836,309.1606750488281,307.09996710459836,309.1606750488281,41917900,0.0,0.0,0.0,
2020-08-05 00:00:00-04:00,310.4813501543965,311.34310841351856,310.20970492480694,311.080810546875,42697700,0.0,0.0,0.0,
2020-08-06 00:00:00-04:00,310.4906718493214,313.28195973146825,310.1628281585101,313.1601867675781,43679400,0.0,0.0,0.0,
2020-08-07 00:00:00-04:00,312.1767758567165,313.6754698934905,311.2588189702048,313.3851013183594,57308300,0.0,0.0,0.0,
2020-08-10 00:00:00-04:00,313.8439698873227,314.50900462280714,311.87693634969577,314.3216857910156,44282100,0.0,0.0,0.0,
2020-08-11 00:00:00-04:00,315.5207140907612,316.167025680763,310.98718559719595,311.7271423339844,69601100,0.0,0.0,0.0,
2020-08-12 00:00:00-04:00,314.19994321236794,316.8601109967527,314.17184395562185,316.07330322265625,53774400,0.0,0.0,0.0,
2020-08-13 00:00:00-04:00,315.295882354615,316.83205147661397,314.56527300237883,315.501953125,41816100,0.0,0.0,0.0,
2020-08-14 00:00:00-04:00,315.10855643820963,316.0546124881785,314.3685711540199,315.5113220214844,47260400,0.0,0.0,0.0,
2020-08-17 00:00:00-04:00,316.5416185416643,316.91628479746487,315.52064084589654,316.5135192871094,35481000,0.0,0.0,0.0,
2020-08-18 00:00:00-04:00,316.9163055110361,317.62819145322794,315.29583883191174,317.19732666015625,38733900,0.0,0.0,0.0,
2020-08-19 00:00:00-04:00,317.5813533648521,318.1058918958719,315.30522774790467,315.8766174316406,68054200,0.0,0.0,0.0,
2020-08-20 00:00:00-04:00,314.12504976852625,317.3472318573577,313.9939294083351,316.86016845703125,42207800,0.0,0.0,0.0,
2020-08-21 00:00:00-04:00,316.52288199564566,318.20889436883493,316.1762864236929,317.9841003417969,55106600,0.0,0.0,0.0,
2020-08-24 00:00:00-04:00,320.45696816852507,321.2812511708179,317.95604848928394,321.2063293457031,48588700,0.0,0.0,0.0,
2020-08-25 00:00:00-04:00,321.7777149521224,322.4146505623299,320.5974888739316,322.3303527832031,38463400,0.0,0.0,0.0,
2020-08-26 00:00:00-04:00,322.929760470758,325.83344519368325,322.3771227788077,325.56182861328125,50790200,0.0,0.0,0.0,
2020-08-27 00:00:00-04:00,326.44239733949644,327.744367840277,324.58776041365843,326.2737731933594,58034100,0.0,0.0,0.0,
2020-08-28 00:00:00-04:00,327.31342536807495,328.5123744923638,326.1051002975551,328.3812255859375,48588900,0.0,0.0,0.0,
2020-08-31 00:00:00-04:00,328.16583608941806,329.05566491761255,326.957510913646,327.1916809082031,66099200,0.0,0.0,0.0,
2020-09-01 00:00:00-04:00,328.03463690387593,330.3763364906077,327.126056320816,330.2733154296875,54908700,0.0,0.0,0.0,
2020-09-02 00:00:00-04:00,332.2123063159522,336.03394811704754,331.0508036845212,335.0504455566406,69540000,0.0,0.0,0.0,
2020-09-03 00:00:00-04:00,333.3362849152584,333.81400083083577,320.8971764837867,323.5198974609375,148011100,0.0,0.0,0.0,
2020-09-04 00:00:00-04:00,324.21308839902326,325.80542742188834,313.6660612993287,320.8785095214844,139156300,0.0,0.0,0.0,
2020-09-08 00:00:00-04:00,315.3895868031792,320.94412219609876,311.80211416160853,312.1112060546875,114465300,0.0,0.0,0.0,
2020-09-09 00:00:00-04:00,316.17629265818795,320.7753944533746,315.295811254658,318.27447509765625,91462300,0.0,0.0,0.0,
2020-09-10 00:00:00-04:00,320.17597366320473,320.84100847846224,311.7739526782989,312.74810791015625,90569500,0.0,0.0,0.0,
2020-09-11 00:00:00-04:00,314.55594541712605,315.6331219088272,310.04114008176873,312.9073791503906,84680200,0.0,0.0,0.0,
2020-09-14 00:00:00-04:00,316.1201058323975,318.8271245972705,313.0571726996108,317.0286865234375,65605700,0.0,0.0,0.0,
2020-09-15 00:00:00-04:00,319.5202915357684,320.36329785700826,317.038095140093,318.6304626464844,52920900,0.0,0.0,0.0,
2020-09-16 00:00:00-04:00,319.8856693796812,321.3375122788818,317.0849760988193,317.3659973144531,82096000,0.0,0.0,0.0,
2020-09-17 00:00:00-04:00,312.43898616958967,316.3168551855164,311.9050716960567,314.5746154785156,91523300,0.0,0.0,0.0,
2020-09-18 00:00:00-04:00,315.3918621922978,315.504709149434,308.43268907244754,310.9530334472656,105877900,1.339,0.0,0.0,
2020-09-21 00:00:00-04:00,306.2978829494863,307.6426901733394,302.56437688982027,307.4922180175781,99450800,0.0,0.0,0.0,
2020-09-22 00:00:00-04:00,308.9968550123675,311.18804260405994,306.4482710031798,310.623779296875,63612100,0.0,0.0,0.0,
2020-09-23 00:00:00-04:00,311.18821881132243,311.47036497448937,302.91244795194916,303.4202880859375,93112200,0.0,0.0,0.0,
2020-09-24 00:00:00-04:00,302.0847950642425,307.33237956626084,300.74937241411027,304.2289733886719,76681300,0.0,0.0,0.0,
2020-09-25 00:00:00-04:00,303.36379541025934,309.9468032107017,302.479817909294,309.1474609375,71069400,0.0,0.0,0.0,
2020-09-28 00:00:00-04:00,313.3699781102687,315.0063165643252,312.36371146799064,314.2821960449219,64584600,0.0,0.0,0.0,
2020-09-29 00:00:00-04:00,314.0752496205913,314.82758176075873,311.8652344968562,312.570556640625,51304000,0.0,0.0,0.0,
2020-09-30 00:00:00-04:00,313.2476091181435,318.13785322377953,313.05012699030516,314.9403991699219,104081100,0.0,0.0,0.0,
2020-10-01 00:00:00-04:00,317.5736758475334,318.5611154536733,315.0533313921479,316.96240234375,88698700,0.0,0.0,0.0,
2020-10-02 00:00:00-04:00,311.9404985818706,316.93417728231753,311.46087031923616,313.9530029296875,89431100,0.0,0.0,0.0,
2020-10-05 00:00:00-04:00,316.04072420129154,319.70839338054463,315.9937142078206,319.52032470703125,45713100,0.0,0.0,0.0,
2020-10-06 00:00:00-04:00,319.6613763149551,321.7867560460061,314.460802628494,314.97802734375,90128900,0.0,0.0,0.0,
2020-10-07 00:00:00-04:00,317.97803710669746,321.27895403446433,317.9498253679829,320.4607849121094,56999600,0.0,0.0,0.0,
2020-10-08 00:00:00-04:00,322.4263410703937,323.3667708073937,321.4952961150098,323.3009338378906,45242500,0.0,0.0,0.0,
2020-10-09 00:00:00-04:00,324.9748565555037,326.6582336079083,324.34478478313156,326.1880187988281,59528600,0.0,0.0,0.0,
2020-10-12 00:00:00-04:00,328.7647912025177,332.93088757924073,328.2663646461562,331.43560791015625,80388500,0.0,0.0,0.0,
2020-10-13 00:00:00-04:00,331.2945620879778,331.47324602075696,328.29458915296203,329.27264404296875,73255500,0.0,0.0,0.0,
2020-10-14 00:00:00-04:00,329.85569276123,330.96539283684797,326.460755572356,327.20367431640625,57727900,0.0,0.0,0.0,
2020-10-15 00:00:00-04:00,323.23498930051227,327.2882378221496,322.6895528624062,326.7992248535156,60357700,0.0,0.0,0.0,
2020-10-16 00:00:00-04:00,328.1723080143938,329.85568504882997,326.42312271911106,326.601806640625,89501900,0.0,0.0,0.0,
2020-10-19 00:00:00-04:00,327.88075935708804,328.5202445680317,320.72410420307284,321.6363220214844,68425600,0.0,0.0,0.0,
2020-10-20 00:00:00-04:00,322.9999959225522,326.2162783155417,322.2288653344466,322.9247741699219,60051900,0.0,0.0,0.0,
2020-10-21 00:00:00-04:00,322.8777114142996,325.0783421348636,322.0031186943738,322.3134765625,63575000,0.0,0.0,0.0,
2020-10-22 00:00:00-04:00,322.5297482166591,324.6739266938656,320.35735799763285,324.0814514160156,55399300,0.0,0.0,0.0,
2020-10-23 00:00:00-04:00,325.3228214026539,325.3792448855905,322.68962986682976,325.1817626953125,49143900,0.0,0.0,0.0,
2020-10-26 00:00:00-04:00,321.74916154197103,322.5485323869964,315.6269560825658,319.1723937988281,91473000,0.0,0.0,0.0,
2020-10-27 00:00:00-04:00,319.520382714274,319.85892360783623,317.855803888688,318.0721130371094,65994100,0.0,0.0,0.0,
2020-10-28 00:00:00-04:00,312.3167151087192,318.1003521348805,306.70234854389633,307.2007751464844,127094300,0.0,0.0,0.0,
2020-10-29 00:00:00-04:00,307.4358417899511,313.5392206665911,305.7242530422314,310.3229675292969,90597700,0.0,0.0,0.0,
2020-10-30 00:00:00-04:00,308.7241982702799,310.0502073228007,303.38256554354604,307.0878601074219,120287300,0.0,0.0,0.0,
2020-11-02 00:00:00-05:00,310.5299072265625,312.5612101804904,307.7462145718778,310.5299072265625,86068300,0.0,0.0,0.0,
2020-11-03 00:00:00-05:00,313.81194100634207,318.1002974880372,310.6144862541493,316.0125427246094,93294200,0.0,0.0,0.0,
2020-11-04 00:00:00-05:00,320.5547615943241,327.2130180276153,319.36042655061067,323.07513427734375,126959700,0.0,0.0,0.0,
2020-11-05 00:00:00-05:00,328.4355776138151,331.2098560191429,328.0782098246944,329.3760070800781,82039700,0.0,0.0,0.0,
2020-11-06 00:00:00-05:00,329.0845026411183,330.57039738880707,326.9403244340149,329.3008117675781,74973000,0.0,0.0,0.0,
2020-11-09 00:00:00-05:00,342.28819811736685,342.6737777372648,332.96853637199393,333.4387512207031,172304200,0.0,0.0,0.0,
2020-11-10 00:00:00-05:00,332.43242305600245,334.02175124658214,329.62996144392315,332.9496765136719,85552000,0.0,0.0,0.0,
2020-11-11 00:00:00-05:00,335.169100310771,336.2600020796956,333.90892810347015,335.42303466796875,58649000,0.0,0.0,0.0,
2020-11-12 00:00:00-05:00,334.39791123848846,335.47001465154517,330.33527758279547,332.1690979003906,67546200,0.0,0.0,0.0,
2020-11-13 00:00:00-05:00,334.106360333046,337.52012382811284,333.579722137074,336.7677917480469,62892200,0.0,0.0,0.0,
2020-11-16 00:00:00-05:00,339.47618688687106,341.16894818611956,338.1689763538581,340.9714660644531,74541100,0.0,0.0,0.0,
2020-11-17 00:00:00-05:00,338.5263913903148,340.3602403037653,336.9934867897762,339.1376647949219,66111000,0.0,0.0,0.0,
2020-11-18 00:00:00-05:00,339.41043736951883,339.965287368294,335.01861867802916,335.0562438964844,70591300,0.0,0.0,0.0,
2020-11-19 00:00:00-05:00,334.4167285334726,336.843023961899,333.05309430882124,336.46685791015625,59940900,0.0,0.0,0.0,
2020-11-20 00:00:00-05:00,336.20364809305283,336.41054379371104,334.08768107708255,334.16290283203125,70417300,0.0,0.0,0.0,
2020-11-23 00:00:00-05:00,335.99665364864717,337.4449231276328,333.7302150892081,336.1659240722656,63230600,0.0,0.0,0.0,
2020-11-24 00:00:00-05:00,338.75206202833647,342.13761356718817,337.88688306262435,341.582763671875,62415900,0.0,0.0,0.0,
2020-11-25 00:00:00-05:00,341.4981858962768,341.52639763469347,339.9464828840976,341.0561828613281,45330900,0.0,0.0,0.0,
2020-11-27 00:00:00-05:00,342.1658078438477,342.48555037570026,340.9808576907979,342.0059509277344,28514100,0.0,0.0,0.0,
2020-11-30 00:00:00-05:00,341.2161249944174,341.4888576669519,337.7741772498038,340.49200439453125,83872700,0.0,0.0,0.0,
2020-12-01 00:00:00-05:00,343.79288831283577,345.77718118089945,343.1909995360201,344.216064453125,74231400,0.0,0.0,0.0,
2020-12-02 00:00:00-05:00,343.08753806257556,345.100042509178,342.5044762948649,344.940185546875,45927000,0.0,0.0,0.0,
2020-12-03 00:00:00-05:00,344.83668637451905,346.25674412070674,343.7269864389068,344.8460998535156,62882000,0.0,0.0,0.0,
2020-12-04 00:00:00-05:00,345.4385855056391,347.81787109375,345.3445368117168,347.81787109375,50749900,0.0,0.0,0.0,
2020-12-07 00:00:00-05:00,347.03731245570685,347.60157594229366,345.814765484463,347.1031494140625,48944300,0.0,0.0,0.0,
2020-12-08 00:00:00-05:00,345.81474114840245,348.6924531578852,345.76773115267554,348.1188049316406,42458900,0.0,0.0,0.0,
2020-12-09 00:00:00-05:00,348.7865119244369,348.946368874231,344.15020118629917,344.99658203125,74098300,0.0,0.0,0.0,
2020-12-10 00:00:00-05:00,343.60478976578895,345.9464504999356,342.7207835650194,344.8837890625,57735400,0.0,0.0,0.0,
2020-12-11 00:00:00-05:00,343.16274394310886,344.89313090588564,341.62045437396046,344.4793395996094,57698600,0.0,0.0,0.0,
2020-12-14 00:00:00-05:00,346.6799313166005,347.7708042389519,342.75832782465477,342.93701171875,69216200,0.0,0.0,0.0,
2020-12-15 00:00:00-05:00,345.513821186207,347.5733642578125,344.12200377865736,347.5733642578125,63865300,0.0,0.0,0.0,
2020-12-16 00:00:00-05:00,347.7896488626593,349.04982096422884,346.89622934680017,348.1188049316406,58420500,0.0,0.0,0.0,
2020-12-17 00:00:00-05:00,349.7833428411286,350.2723558385178,348.9463468286949,350.0654602050781,64119500,0.0,0.0,0.0,
2020-12-18 00:00:00-05:00,350.3582772361999,350.5282692128944,346.6277344231327,348.667724609375,136542300,1.58,0.0,0.0,
2020-12-21 00:00:00-05:00,344.6916393900634,357.43210253413093,341.9149885476664,347.4210510253906,96386700,0.0,0.0,0.0,
2020-12-22 00:00:00-05:00,347.75161655299087,347.86494453688266,345.69274798703805,346.83551025390625,47949000,0.0,0.0,0.0,
2020-12-23 00:00:00-05:00,347.8177599659822,349.08330391665174,346.81665760467683,347.147216796875,46201400,0.0,0.0,0.0,
2020-12-24 00:00:00-05:00,347.6288457591147,348.5260736960716,347.0338738252053,348.49774169921875,26457900,0.0,0.0,0.0,
2020-12-28 00:00:00-05:00,351.08547730055324,351.8882556036705,350.4527197926856,351.4916076660156,39000400,0.0,0.0,0.0,
2020-12-29 00:00:00-05:00,353.04044999374537,353.21989556195405,350.2260137120227,350.8210144042969,53680500,0.0,0.0,0.0,
2020-12-30 00:00:00-05:00,351.652153407905,352.3699357394344,350.9249462923084,351.32159423828125,49455300,0.0,0.0,0.0,
2020-12-31 00:00:00-05:00,351.12330204270035,353.8432892062716,350.6038724591175,353.10662841796875,78520700,0.0,0.0,0.0,271.3771006266276
